Workbook

Sheet Dashboard
B1: m | C1: Total | D1: المتبقي | H1: NO. | I1: اسم القناة المغذية | J1: متر طول المنفذ | K1: التصميمي | L1: المتبقي
A2: DC34 | B2: ='ملخص الفرز'!I2 -> 1743 | C2: 1735 | D2: =C2-B2 -> -8 | H2: 1 | I2: ='ملخص الفرز'!B2 -> D28-1L | J2: ='ملخص الفرز'!C2 -> 897 | K2: ='ملخص الفرز'!F2 -> 925 | L2: =K2-J2 -> 28
A3: DC35 | B3: ='ملخص الفرز'!I3 -> 564 | C3: 640 | D3: =C3-B3 -> 76 | H3: 2 | I3: ='ملخص الفرز'!B3 -> D28-2L | J3: ='ملخص الفرز'!C3 -> 1371 | K3: ='ملخص الفرز'!F3 -> 1400 | L3: =K3-J3 -> 29
A4: DC36 | B4: ='ملخص الفرز'!I4 -> 363 | C4: 360 | D4: =C4-B4 -> -3 | H4: 3 | I4: ='ملخص الفرز'!B4 -> D31-1R | J4: ='ملخص الفرز'!C4 -> 579 | K4: ='ملخص الفرز'!F4 -> 775 | L4: =K4-J4 -> 196
A5: DC38 | B5: ='ملخص الفرز'!I5 -> 1860 | C5: 1926 | D5: =C5-B5 -> 66 | H5: 4 | I5: ='ملخص الفرز'!B5 -> D31-2R | J5: ='ملخص الفرز'!C5 -> 726 | K5: ='ملخص الفرز'!F5 -> 925 | L5: =K5-J5 -> 199
A6: DC39 | B6: ='ملخص الفرز'!I6 -> 795 | C6: 840 | D6: =C6-B6 -> 45 | H6: 5 | I6: ='ملخص الفرز'!B6 -> D31-3R | J6: ='ملخص الفرز'!C6 -> 762 | K6: ='ملخص الفرز'!F6 -> 925 | L6: =K6-J6 -> 163
A7: Dc40 | B7: ='ملخص الفرز'!I7 -> 1875 | C7: 1920 | D7: =C7-B7 -> 45 | H7: 6 | I7: ='ملخص الفرز'!B7 -> D31-4R | J7: ='ملخص الفرز'!C7 -> 768 | K7: ='ملخص الفرز'!F7 -> 925 | L7: =K7-J7 -> 157
A8: BRG9 | B8: ='ملخص الفرز'!I8 -> 1122 | C8: 1150 | D8: =C8-B8 -> 28 | H8: 7 | I8: ='ملخص الفرز'!B8 -> D32-3R | J8: ='ملخص الفرز'!C8 -> 885 | K8: ='ملخص الفرز'!F8 -> 925 | L8: =K8-J8 -> 40
A9: BRG10 | B9: 2605 | C9: 2775 | D9: =C9-B9 -> 170 | H9: 8 | I9: ='ملخص الفرز'!B9 -> D33-1L | J9: ='ملخص الفرز'!C9 -> 825 | K9: ='ملخص الفرز'!F9 -> 925 | L9: =K9-J9 -> 100
A10: BRG11 | B10: ='ملخص الفرز'!L2 -> 2898 | C10: 2950 | D10: =C10-B10 -> 52 | H10: 9 | I10: ='ملخص الفرز'!B10 -> D33-2L | J10: ='ملخص الفرز'!C10 -> 897 | K10: ='ملخص الفرز'!F10 -> 925 | L10: =K10-J10 -> 28
A11: Brg 12 | B11: ='ملخص الفرز'!L3 -> 5622 | C11: 5780 | D11: =C11-B11 -> 158 | H11: 10 | I11: ='ملخص الفرز'!B11 -> D33-3L | J11: ='ملخص الفرز'!C11 -> 888 | K11: ='ملخص الفرز'!F11 -> 925 | L11: =K11-J11 -> 37
H12: 11 | I12: ='ملخص الفرز'!B12 -> D33-4L | J12: ='ملخص الفرز'!C12 -> 1335 | K12: ='ملخص الفرز'!F12 -> 1460 | L12: =K12-J12 -> 125
H13: 12 | I13: ='ملخص الفرز'!B13 -> D34-1L | J13: ='ملخص الفرز'!C13 -> 900 | K13: ='ملخص الفرز'!F13 -> 925 | L13: =K13-J13 -> 25
A14: القناة الموزعة | B14: المقطع | C14: طول التبطين | D14: المحيط | E14: المساحه M² | H14: 13 | I14: ='ملخص الفرز'!B14 -> D34-1R | J14: ='ملخص الفرز'!C14 -> 822 | K14: ='ملخص الفرز'!F14 -> 925 | L14: =K14-J14 -> 103
A15: DC34 | B15: 0-670 | C15: 660 | D15: 3.3436 | E15: =D15*C15 -> 2206.776 | H15: 14 | I15: ='ملخص الفرز'!B15 -> D34-2L | J15: ='ملخص الفرز'!C15 -> 903 | K15: ='ملخص الفرز'!F15 -> 925 | L15: =K15-J15 -> 22
B16: 690-1750 | C16: =B2-C15 -> 1083 | D16: 2.983 | E16: =D16*C16 -> 3230.589 | H16: 15 | I16: ='ملخص الفرز'!B16 -> D34-2R | J16: ='ملخص الفرز'!C16 -> 894 | K16: ='ملخص الفرز'!F16 -> 925 | L16: =K16-J16 -> 31
A17: DC35 | B17: 1 | C17: =B3 -> 564 | D17: 2.98 | E17: =D17*C17 -> 1680.72 | H17: 16 | I17: ='ملخص الفرز'!B17 -> D34-3L | J17: ='ملخص الفرز'!C17 -> 915 | K17: ='ملخص الفرز'!F17 -> 925 | L17: =K17-J17 -> 10
A18: DC36 | B18: 1 | C18: =B4 -> 363 | D18: 2.98 | E18: =D18*C18 -> 1081.74 | H18: 17 | I18: ='ملخص الفرز'!B18 -> D34-3R | J18: ='ملخص الفرز'!C18 -> 867 | K18: ='ملخص الفرز'!F18 -> 925 | L18: =K18-J18 -> 58
A19: DC38 | B19: 1 | C19: =B5 -> 1860 | D19: 3.06 | E19: =D19*C19 -> 5691.6 | H19: 18 | I19: ='ملخص الفرز'!B19 -> D34-4L | J19: ='ملخص الفرز'!C19 -> 561 | K19: ='ملخص الفرز'!F19 -> 560 | L19: =K19-J19 -> -1
A20: DC39 | B20: 1 | C20: =B6 -> 795 | D20: 2.98 | E20: =D20*C20 -> 2369.1 | H20: 19 | I20: ='ملخص الفرز'!B20 -> D34-4R | J20: ='ملخص الفرز'!C20 -> 876 | K20: ='ملخص الفرز'!F20 -> 925 | L20: =K20-J20 -> 49
A21: Dc40 | B21: 0-840 | C21: =792+9 -> 801 | D21: 3.68 | E21: =D21*C21 -> 2947.68 | H21: 20 | I21: ='ملخص الفرز'!B21 -> D35-1L | J21: ='ملخص الفرز'!C21 -> 987 | K21: ='ملخص الفرز'!F21 -> 1050 | L21: =K21-J21 -> 63
B22: 840-END | C22: =B7-C21 -> 1074 | D22: 3.06 | E22: =D22*C22 -> 3286.44 | H22: 21 | I22: ='ملخص الفرز'!B22 -> D35-1R | J22: ='ملخص الفرز'!C22 -> 783 | K22: ='ملخص الفرز'!F22 -> 925 | L22: =K22-J22 -> 142
A23: BRG9 | B23: 1 | C23: =B8 -> 1122 | D23: 4.4648 | E23: =D23*C23 -> 5009.5056 | H23: 22 | I23: ='ملخص الفرز'!B23 -> D35-2R | J23: ='ملخص الفرز'!C23 -> 885 | K23: ='ملخص الفرز'!F23 -> 925 | L23: =K23-J23 -> 40
A24: BRG10 | B24: 1 | C24: =B9 -> 2605 | D24: 3.52 | E24: =D24*C24 -> 9169.6 | H24: 23 | I24: ='ملخص الفرز'!B24 -> D35-3R | J24: ='ملخص الفرز'!C24 -> 1152 | K24: ='ملخص الفرز'!F24 -> 1200 | L24: =K24-J24 -> 48
E25: =SUM(E15:E24) -> 36673.751 | H25: 24 | I25: ='ملخص الفرز'!B25 -> D36-1L | J25: ='ملخص الفرز'!C25 -> 540 | K25: ='ملخص الفرز'!F25 -> 550 | L25: =K25-J25 -> 10
H26: 25 | I26: ='ملخص الفرز'!B26 -> D36-2L | J26: ='ملخص الفرز'!C26 -> 906 | K26: ='ملخص الفرز'!F26 -> 1030 | L26: =K26-J26 -> 124
H27: 26 | I27: ='ملخص الفرز'!B27 -> D37-1L | J27: ='ملخص الفرز'!C27 -> 927 | K27: ='ملخص الفرز'!F27 -> 925 | L27: =K27-J27 -> -2
H28: 27 | I28: ='ملخص الفرز'!B28 -> D37-1R | J28: ='ملخص الفرز'!C28 -> 897 | K28: ='ملخص الفرز'!F28 -> 925 | L28: =K28-J28 -> 28
H29: 28 | I29: ='ملخص الفرز'!B29 -> D37-2L | J29: ='ملخص الفرز'!C29 -> 930 | K29: ='ملخص الفرز'!F29 -> 925 | L29: =K29-J29 -> -5
H30: 29 | I30: ='ملخص الفرز'!B30 -> D37-2R | J30: ='ملخص الفرز'!C30 -> 924 | K30: ='ملخص الفرز'!F30 -> 925 | L30: =K30-J30 -> 1
H31: 30 | I31: ='ملخص الفرز'!B31 -> D38-1L | J31: ='ملخص الفرز'!C31 -> 912 | K31: ='ملخص الفرز'!F31 -> 925 | L31: =K31-J31 -> 13
H32: 31 | I32: ='ملخص الفرز'!B32 -> D38-2L | J32: ='ملخص الفرز'!C32 -> 909 | K32: ='ملخص الفرز'!F32 -> 1000 | L32: =K32-J32 -> 91
A33: القناة الفرعية | B33: المقطع | C33: طول التبطين | D33: المحيط | E33: المساحه M² | H33: 32 | I33: ='ملخص الفرز'!B33 -> D38-3L | J33: ='ملخص الفرز'!C33 -> 1395 | K33: ='ملخص الفرز'!F33 -> 1460 | L33: =K33-J33 -> 65
A34: BRG11 | B34: 1100-2500 | C34: =466*3 -> 1398 | D34: 5.1 | E34: =D34*C34 -> 7129.8 | H34: 33 | I34: ='ملخص الفرز'!B34 -> D39-1R | J34: ='ملخص الفرز'!C34 -> 822 | K34: ='ملخص الفرز'!F34 -> 925 | L34: =K34-J34 -> 103
B35: 2500-3900 | C35: =B10-C34 -> 1500 | D35: 3.98 | E35: =D35*C35 -> 5970 | H35: 34 | I35: ='ملخص الفرز'!B35 -> D39-2R | J35: ='ملخص الفرز'!C35 -> 825 | K35: ='ملخص الفرز'!F35 -> 925 | L35: =K35-J35 -> 100
A36: BRG 12 | B36: 1 | C36: 3261 | D36: 6.451 | E36: =D36*C36 -> 21036.711 | H36: 35 | I36: ='ملخص الفرز'!B36 -> D39-3R | J36: ='ملخص الفرز'!C36 -> 1413 | K36: ='ملخص الفرز'!F36 -> 1465 | L36: =K36-J36 -> 52
B37: 2 | C37: =B11-C36 -> 2361 | D37: 4.72 | E37: =D37*C37 -> 11143.92 | H37: 36 | I37: ='ملخص الفرز'!B37 -> D40-1L | J37: ='ملخص الفرز'!C37 -> 645 | K37: ='ملخص الفرز'!F37 -> 775 | L37: =K37-J37 -> 130
E38: =SUM(E34:E37) -> 45280.431 | H38: 37 | I38: ='ملخص الفرز'!B38 -> D40-1R | J38: ='ملخص الفرز'!C38 -> 663 | K38: ='ملخص الفرز'!F38 -> 975 | L38: =K38-J38 -> 312
H39: 38 | I39: ='ملخص الفرز'!B39 -> D40-2L | J39: ='ملخص الفرز'!C39 -> 831 | K39: ='ملخص الفرز'!F39 -> 875 | L39: =K39-J39 -> 44
H40: 39 | I40: ='ملخص الفرز'!B40 -> D40-2L-1 | J40: ='ملخص الفرز'!C40 -> 981 | K40: ='ملخص الفرز'!F40 -> 1050 | L40: =K40-J40 -> 69
H41: 40 | I41: ='ملخص الفرز'!B41 -> D40-2R | J41: ='ملخص الفرز'!C41 -> 744 | K41: ='ملخص الفرز'!F41 -> 925 | L41: =K41-J41 -> 181
H42: 41 | I42: ='ملخص الفرز'!B42 -> D40-3L | J42: ='ملخص الفرز'!C42 -> 318 | K42: ='ملخص الفرز'!F42 -> 325 | L42: =K42-J42 -> 7
H43: 42 | I43: ='ملخص الفرز'!B43 -> D40-3R | J43: ='ملخص الفرز'!C43 -> 765 | K43: ='ملخص الفرز'!F43 -> 925 | L43: =K43-J43 -> 160
H44: 43 | I44: ='ملخص الفرز'!B44 -> D40-4L | J44: ='ملخص الفرز'!C44 -> 786 | K44: ='ملخص الفرز'!F44 -> 875 | L44: =K44-J44 -> 89
H45: 44 | I45: ='ملخص الفرز'!B45 -> D40-4L-1 | J45: ='ملخص الفرز'!C45 -> 1149 | K45: ='ملخص الفرز'!F45 -> 1270 | L45: =K45-J45 -> 121
H46: 45 | I46: ='ملخص الفرز'!B46 -> D40-4R | J46: ='ملخص الفرز'!C46 -> 675 | K46: ='ملخص الفرز'!F46 -> 775 | L46: =K46-J46 -> 100
H47: 46 | I47: ='ملخص الفرز'!B47 -> D41-1L | J47: ='ملخص الفرز'!C47 -> 867 | K47: ='ملخص الفرز'!F47 -> 925 | L47: =K47-J47 -> 58
H48: 47 | I48: ='ملخص الفرز'!B48 -> D41-1R | J48: ='ملخص الفرز'!C48 -> 516 | K48: ='ملخص الفرز'!F48 -> 1075 | L48: =K48-J48 -> 559
H49: 48 | I49: ='ملخص الفرز'!B49 -> D41-2L | J49: ='ملخص الفرز'!C49 -> 924 | K49: ='ملخص الفرز'!F49 -> 925 | L49: =K49-J49 -> 1
H50: 49 | I50: ='ملخص الفرز'!B50 -> D41-2R | J50: ='ملخص الفرز'!C50 -> 858 | K50: ='ملخص الفرز'!F50 -> 925 | L50: =K50-J50 -> 67
... H65: 64 | I65: ='ملخص الفرز'!B65 -> D42-5R | J65: ='ملخص الفرز'!C65 -> 927 | K65: ='ملخص الفرز'!F65 -> 925 | L65: =K65-J65 -> -2

Sheet Concrete Orders
L3: 45861 | M3: حساب الكمية لتاريخ
K4: =sum(K7:K1054) -> 12951 | L4: =(K4+O4)*3 -> 76905 | M4: مجموع الطول | O4: =sum(O7:O1054) -> 12684
A5: الفاشل | B5: رقم السلفة | C5: التسلسل | D5: تاريخ الصب | E5: بعد 7 ايام | F5: بعد 28 يوم | G5: التفاصيل | H5: Panels | J5: عدد | K5: عدد | L5: Betweens | N5: عدد | O5: عدد | P5: رقم الاوردر | Q5: الكدس | R5: الكمية
H6: من | I6: الى | L6: من | M6: الى
A7: Y | B7: 2 | C7: 1 to 6 | D7: 45557 | E7: =D7+7 -> 45564 | F7: =D7+28 -> 45585 | G7: D34-1L | H7: 1 | I7: 29 | J7: =if(ISBLANK(H7),"",(((I7-H7)/2)+1)) -> 15 | K7: =if($D7<=$L$3,J7,0) -> 15 | N7: =if(ISBLANK(L7),"",(((M7-L7)/2)+1)) | O7: =if($D7<=$L$3,N7,0)
A8: Y | B8: 2 | C8: 73 TO 78 | D8: 45574 | E8: =D8+7 -> 45581 | F8: =D8+28 -> 45602 | G8: D36-1L | H8: 1 | I8: 157 | J8: =if(ISBLANK(H8),"",(((I8-H8)/2)+1)) -> 79 | K8: =if($D8<=$L$3,J8,0) -> 79 | N8: =if(ISBLANK(L8),"",(((M8-L8)/2)+1)) | O8: =if($D8<=$L$3,N8,0)
A9: Y | B9: 2 | C9: 91-96 | D9: 45575 | E9: =D9+7 -> 45582 | F9: =D9+28 -> 45603 | G9: D36-1L | H9: 159 | I9: 177 | J9: =if(ISBLANK(H9),"",(((I9-H9)/2)+1)) -> 10 | K9: =if($D9<=$L$3,J9,0) -> 10 | N9: =if(ISBLANK(L9),"",(((M9-L9)/2)+1)) | O9: =if($D9<=$L$3,N9,0)
A10: Y | B10: 2 | C10: 91-96 | D10: 45575 | E10: =D10+7 -> 45582 | F10: =D10+28 -> 45603 | G10: D36-2L | H10: 1 | I10: 161 | J10: =if(ISBLANK(H10),"",(((I10-H10)/2)+1)) -> 81 | K10: =if($D10<=$L$3,J10,0) -> 81 | N10: =if(ISBLANK(L10),"",(((M10-L10)/2)+1)) | O10: =if($D10<=$L$3,N10,0)
A11: Y | B11: 2 | C11: 109-114 | D11: 45577 | E11: =D11+7 -> 45584 | F11: =D11+28 -> 45605 | G11: D36-1L | J11: =if(ISBLANK(H11),"",(((I11-H11)/2)+1)) | K11: =if($D11<=$L$3,J11,0) | L11: 2 | M11: 178 | N11: =if(ISBLANK(L11),"",(((M11-L11)/2)+1)) -> 89 | O11: =if($D11<=$L$3,N11,0) -> 89
A12: Y | B12: 2 | C12: 109-114 | D12: 45577 | E12: =D12+7 -> 45584 | F12: =D12+28 -> 45605 | G12: D36-2L | J12: =if(ISBLANK(H12),"",(((I12-H12)/2)+1)) | K12: =if($D12<=$L$3,J12,0) | L12: 2 | M12: 24 | N12: =if(ISBLANK(L12),"",(((M12-L12)/2)+1)) -> 12 | O12: =if($D12<=$L$3,N12,0) -> 12
A13: Y | B13: 2 | C13: 115-120 | D13: 45578 | E13: =D13+7 -> 45585 | F13: =D13+28 -> 45606 | G13: D36-2L | H13: 163 | I13: 347 | J13: =if(ISBLANK(H13),"",(((I13-H13)/2)+1)) -> 93 | K13: =if($D13<=$L$3,J13,0) -> 93 | N13: =if(ISBLANK(L13),"",(((M13-L13)/2)+1)) | O13: =if($D13<=$L$3,N13,0)
A14: Y | B14: 2 | C14: 127-132 | D14: 45579 | E14: =D14+7 -> 45586 | F14: =D14+28 -> 45607 | G14: D34-1L | H14: 31 | I14: 183 | J14: =if(ISBLANK(H14),"",(((I14-H14)/2)+1)) -> 77 | K14: =if($D14<=$L$3,J14,0) -> 77 | N14: =if(ISBLANK(L14),"",(((M14-L14)/2)+1)) | O14: =if($D14<=$L$3,N14,0)
A15: Y | B15: 2 | C15: 133-138 | D15: 45579 | E15: =D15+7 -> 45586 | F15: =D15+28 -> 45607 | G15: D36-2L | J15: =if(ISBLANK(H15),"",(((I15-H15)/2)+1)) | K15: =if($D15<=$L$3,J15,0) | L15: 26 | M15: 220 | N15: =if(ISBLANK(L15),"",(((M15-L15)/2)+1)) -> 98 | O15: =if($D15<=$L$3,N15,0) -> 98
A16: Y | B16: 2 | C16: 151-156 | D16: 45580 | E16: =D16+7 -> 45587 | F16: =D16+28 -> 45608 | G16: D34-1L | H16: 185 | I16: 299 | J16: =if(ISBLANK(H16),"",(((I16-H16)/2)+1)) -> 58 | K16: =if($D16<=$L$3,J16,0) -> 58 | N16: =if(ISBLANK(L16),"",(((M16-L16)/2)+1)) | O16: =if($D16<=$L$3,N16,0)
A17: Y | B17: 2 | C17: 151-156 | D17: 45580 | E17: =D17+7 -> 45587 | F17: =D17+28 -> 45608 | G17: D34-1L | J17: =if(ISBLANK(H17),"",(((I17-H17)/2)+1)) | K17: =if($D17<=$L$3,J17,0) | L17: 4 | M17: 8 | N17: =if(ISBLANK(L17),"",(((M17-L17)/2)+1)) -> 3 | O17: =if($D17<=$L$3,N17,0) -> 3
A18: Y | B18: 2 | C18: 157-162 | D18: 45580 | E18: =D18+7 -> 45587 | F18: =D18+28 -> 45608 | G18: D36-2L | J18: =if(ISBLANK(H18),"",(((I18-H18)/2)+1)) | K18: =if($D18<=$L$3,J18,0) | L18: 220 | M18: 248 | N18: =if(ISBLANK(L18),"",(((M18-L18)/2)+1)) -> 15 | O18: =if($D18<=$L$3,N18,0) -> 15
A19: Y | B19: 2 | C19: 169-174 | D19: 45581 | E19: =D19+7 -> 45588 | F19: =D19+28 -> 45609 | G19: D34-1L | J19: =if(ISBLANK(H19),"",(((I19-H19)/2)+1)) | K19: =if($D19<=$L$3,J19,0) | L19: 10 | M19: 180 | N19: =if(ISBLANK(L19),"",(((M19-L19)/2)+1)) -> 86 | O19: =if($D19<=$L$3,N19,0) -> 86
A20: Y | B20: 2 | C20: 187-192 | D20: 45582 | E20: =D20+7 -> 45589 | F20: =D20+28 -> 45610 | G20: D34-2L | H20: 1 | I20: 201 | J20: =if(ISBLANK(H20),"",(((I20-H20)/2)+1)) -> 101 | K20: =if($D20<=$L$3,J20,0) -> 101 | N20: =if(ISBLANK(L20),"",(((M20-L20)/2)+1)) | O20: =if($D20<=$L$3,N20,0)
A21: Y | B21: 2 | C21: 205-210 | D21: 45584 | E21: =D21+7 -> 45591 | F21: =D21+28 -> 45612 | G21: D34-2L | J21: =if(ISBLANK(H21),"",(((I21-H21)/2)+1)) | K21: =if($D21<=$L$3,J21,0) | L21: 2 | M21: 104 | N21: =if(ISBLANK(L21),"",(((M21-L21)/2)+1)) -> 52 | O21: =if($D21<=$L$3,N21,0) -> 52
A22: Y | B22: 2 | C22: 205-210 | D22: 45584 | E22: =D22+7 -> 45591 | F22: =D22+28 -> 45612 | G22: D34-2L | H22: 203 | I22: 255 | J22: =if(ISBLANK(H22),"",(((I22-H22)/2)+1)) -> 27 | K22: =if($D22<=$L$3,J22,0) -> 27 | N22: =if(ISBLANK(L22),"",(((M22-L22)/2)+1)) | O22: =if($D22<=$L$3,N22,0)
A23: Y | B23: 2 | C23: 217-222 | D23: 45585 | E23: =D23+7 -> 45592 | F23: =D23+28 -> 45613 | G23: D34-2L | H23: 257 | I23: 299 | J23: =if(ISBLANK(H23),"",(((I23-H23)/2)+1)) -> 22 | K23: =if($D23<=$L$3,J23,0) -> 22 | N23: =if(ISBLANK(L23),"",(((M23-L23)/2)+1)) | O23: =if($D23<=$L$3,N23,0)
A24: Y | B24: 2 | C24: 217-222 | D24: 45585 | E24: =D24+7 -> 45592 | F24: =D24+28 -> 45613 | G24: D34-2L | J24: =if(ISBLANK(H24),"",(((I24-H24)/2)+1)) | K24: =if($D24<=$L$3,J24,0) | L24: 106 | M24: 254 | N24: =if(ISBLANK(L24),"",(((M24-L24)/2)+1)) -> 75 | O24: =if($D24<=$L$3,N24,0) -> 75
A25: Y | B25: 2 | C25: 229-234 | D25: 45586 | E25: =D25+7 -> 45593 | F25: =D25+28 -> 45614 | G25: D34-2R | H25: 1 | I25: 201 | J25: =if(ISBLANK(H25),"",(((I25-H25)/2)+1)) -> 101 | K25: =if($D25<=$L$3,J25,0) -> 101 | N25: =if(ISBLANK(L25),"",(((M25-L25)/2)+1)) | O25: =if($D25<=$L$3,N25,0)
A26: Y | B26: 2 | C26: 241-246 | D26: 45587 | E26: =D26+7 -> 45594 | F26: =D26+28 -> 45615 | G26: D34-2R | J26: =if(ISBLANK(H26),"",(((I26-H26)/2)+1)) | K26: =if($D26<=$L$3,J26,0) | L26: 2 | M26: 160 | N26: =if(ISBLANK(L26),"",(((M26-L26)/2)+1)) -> 80 | O26: =if($D26<=$L$3,N26,0) -> 80
A27: Y | B27: 2 | C27: 241-246 | D27: 45587 | E27: =D27+7 -> 45594 | F27: =D27+28 -> 45615 | G27: D34-2L | J27: =if(ISBLANK(H27),"",(((I27-H27)/2)+1)) | K27: =if($D27<=$L$3,J27,0) | L27: 256 | M27: 298 | N27: =if(ISBLANK(L27),"",(((M27-L27)/2)+1)) -> 22 | O27: =if($D27<=$L$3,N27,0) -> 22
A28: Y | B28: 2 | C28: 253-258 | D28: 45588 | E28: =D28+7 -> 45595 | F28: =D28+28 -> 45616 | G28: D34-1L | J28: =if(ISBLANK(H28),"",(((I28-H28)/2)+1)) | K28: =if($D28<=$L$3,J28,0) | L28: 182 | M28: 266 | N28: =if(ISBLANK(L28),"",(((M28-L28)/2)+1)) -> 43 | O28: =if($D28<=$L$3,N28,0) -> 43
A29: Y | B29: 2 | C29: 253-258 | D29: 45588 | E29: =D29+7 -> 45595 | F29: =D29+28 -> 45616 | G29: D34-1R | H29: 1 | I29: 77 | J29: =if(ISBLANK(H29),"",(((I29-H29)/2)+1)) -> 39 | K29: =if($D29<=$L$3,J29,0) -> 39 | N29: =if(ISBLANK(L29),"",(((M29-L29)/2)+1)) | O29: =if($D29<=$L$3,N29,0)
A30: Y | B30: 2 | C30: 265-270 | D30: 45589 | E30: =D30+7 -> 45596 | F30: =D30+28 -> 45617 | G30: D34-1R | H30: 79 | I30: 159 | J30: =if(ISBLANK(H30),"",(((I30-H30)/2)+1)) -> 41 | K30: =if($D30<=$L$3,J30,0) -> 41 | N30: =if(ISBLANK(L30),"",(((M30-L30)/2)+1)) | O30: =if($D30<=$L$3,N30,0)
A31: Y | B31: 2 | C31: 265-270 | D31: 45589 | E31: =D31+7 -> 45596 | F31: =D31+28 -> 45617 | G31: D34-2R | H31: 211 | I31: 293 | J31: =if(ISBLANK(H31),"",(((I31-H31)/2)+1)) -> 42 | K31: =if($D31<=$L$3,J31,0) -> 42 | N31: =if(ISBLANK(L31),"",(((M31-L31)/2)+1)) | O31: =if($D31<=$L$3,N31,0)
A32: Y | B32: 2 | C32: 277-282 | D32: 45592 | E32: =D32+7 -> 45599 | F32: =D32+28 -> 45620 | G32: D34-1R | J32: =if(ISBLANK(H32),"",(((I32-H32)/2)+1)) | K32: =if($D32<=$L$3,J32,0) | L32: 2 | M32: 58 | N32: =if(ISBLANK(L32),"",(((M32-L32)/2)+1)) -> 29 | O32: =if($D32<=$L$3,N32,0) -> 29
A33: Y | B33: 2 | C33: 277-282 | D33: 45592 | E33: =D33+7 -> 45599 | F33: =D33+28 -> 45620 | G33: D34-1R | H33: 161 | I33: 229 | J33: =if(ISBLANK(H33),"",(((I33-H33)/2)+1)) -> 35 | K33: =if($D33<=$L$3,J33,0) -> 35 | N33: =if(ISBLANK(L33),"",(((M33-L33)/2)+1)) | O33: =if($D33<=$L$3,N33,0)
A34: Y | B34: 2 | C34: 277-282 | D34: 45592 | E34: =D34+7 -> 45599 | F34: =D34+28 -> 45620 | G34: D34-1R | H34: 243 | I34: 275 | J34: =if(ISBLANK(H34),"",(((I34-H34)/2)+1)) -> 17 | K34: =if($D34<=$L$3,J34,0) -> 17 | N34: =if(ISBLANK(L34),"",(((M34-L34)/2)+1)) | O34: =if($D34<=$L$3,N34,0)
A35: Y | B35: 2 | C35: 283-288 | D35: 45593 | E35: =D35+7 -> 45600 | F35: =D35+28 -> 45621 | G35: D34-1R | H35: 277 | I35: 291 | J35: =if(ISBLANK(H35),"",(((I35-H35)/2)+1)) -> 8 | K35: =if($D35<=$L$3,J35,0) -> 8 | L35: 60 | M35: 268 | N35: =if(ISBLANK(L35),"",(((M35-L35)/2)+1)) -> 105 | O35: =if($D35<=$L$3,N35,0) -> 105
A36: Y | B36: 2 | C36: 289-294 | D36: 45594 | E36: =D36+7 -> 45601 | F36: =D36+28 -> 45622 | G36: D34-3R | H36: 9 | I36: 95 | J36: =if(ISBLANK(H36),"",(((I36-H36)/2)+1)) -> 44 | K36: =if($D36<=$L$3,J36,0) -> 44 | N36: =if(ISBLANK(L36),"",(((M36-L36)/2)+1)) | O36: =if($D36<=$L$3,N36,0)
A37: Y | B37: 2 | C37: 289-294 | D37: 45594 | E37: =D37+7 -> 45601 | F37: =D37+28 -> 45622 | G37: D34-2R | H37: 295 | I37: 297 | J37: =if(ISBLANK(H37),"",(((I37-H37)/2)+1)) -> 2 | K37: =if($D37<=$L$3,J37,0) -> 2 | L37: 162 | M37: 200 | N37: =if(ISBLANK(L37),"",(((M37-L37)/2)+1)) -> 20 | O37: =if($D37<=$L$3,N37,0) -> 20
A38: Y | B38: 2 | C38: 289-294 | D38: 45594 | E38: =D38+7 -> 45601 | F38: =D38+28 -> 45622 | G38: D34-2R | J38: =if(ISBLANK(H38),"",(((I38-H38)/2)+1)) | K38: =if($D38<=$L$3,J38,0) | L38: 212 | M38: 292 | N38: =if(ISBLANK(L38),"",(((M38-L38)/2)+1)) -> 41 | O38: =if($D38<=$L$3,N38,0) -> 41
A39: Y | B39: 2 | C39: 295-300 | D39: 45595 | E39: =D39+7 -> 45602 | F39: =D39+28 -> 45623 | G39: D34-3R | H39: 97 | I39: 147 | J39: =if(ISBLANK(H39),"",(((I39-H39)/2)+1)) -> 26 | K39: =if($D39<=$L$3,J39,0) -> 26 | L39: 10 | M39: 46 | N39: =if(ISBLANK(L39),"",(((M39-L39)/2)+1)) -> 19 | O39: =if($D39<=$L$3,N39,0) -> 19
A40: Y | B40: 2 | C40: 295-300 | D40: 45595 | E40: =D40+7 -> 45602 | F40: =D40+28 -> 45623 | G40: D34-3R | H40: 159 | I40: 303 | J40: =if(ISBLANK(H40),"",(((I40-H40)/2)+1)) -> 73 | K40: =if($D40<=$L$3,J40,0) -> 73 | N40: =if(ISBLANK(L40),"",(((M40-L40)/2)+1)) | O40: =if($D40<=$L$3,N40,0)
A41: Y | B41: 2 | C41: 307 to 312 | D41: 45596 | E41: =D41+7 -> 45603 | F41: =D41+28 -> 45624 | G41: D34-3R | J41: =if(ISBLANK(H41),"",(((I41-H41)/2)+1)) | K41: =if($D41<=$L$3,J41,0) | L41: 48 | M41: 146 | N41: =if(ISBLANK(L41),"",(((M41-L41)/2)+1)) -> 50 | O41: =if($D41<=$L$3,N41,0) -> 50
A42: Y | B42: 2 | C42: 307 to 312 | D42: 45596 | E42: =D42+7 -> 45603 | F42: =D42+28 -> 45624 | G42: D34-3R | J42: =if(ISBLANK(H42),"",(((I42-H42)/2)+1)) | K42: =if($D42<=$L$3,J42,0) | L42: 160 | M42: 304 | N42: =if(ISBLANK(L42),"",(((M42-L42)/2)+1)) -> 73 | O42: =if($D42<=$L$3,N42,0) -> 73
A43: Y | B43: 2 | C43: 307 to 312 | D43: 45596 | E43: =D43+7 -> 45603 | F43: =D43+28 -> 45624 | G43: D34-2R | J43: =if(ISBLANK(H43),"",(((I43-H43)/2)+1)) | K43: =if($D43<=$L$3,J43,0) | L43: 294 | M43: 296 | N43: =if(ISBLANK(L43),"",(((M43-L43)/2)+1)) -> 2 | O43: =if($D43<=$L$3,N43,0) -> 2
A44: Y | B44: 2 | C44: 319-324 | D44: 45598 | E44: =D44+7 -> 45605 | F44: =D44+28 -> 45626 | G44: D34-3L | H44: 5 | I44: 245 | J44: =if(ISBLANK(H44),"",(((I44-H44)/2)+1)) -> 121 | K44: =if($D44<=$L$3,J44,0) -> 121 | N44: =if(ISBLANK(L44),"",(((M44-L44)/2)+1)) | O44: =if($D44<=$L$3,N44,0)
A45: Y | B45: 2 | C45: 331 to 336 | D45: 45600 | E45: =D45+7 -> 45607 | F45: =D45+28 -> 45628 | G45: D34-3L | H45: 247 | I45: 305 | J45: =if(ISBLANK(H45),"",(((I45-H45)/2)+1)) -> 30 | K45: =if($D45<=$L$3,J45,0) -> 30 | L45: 6 | M45: 216 | N45: =if(ISBLANK(L45),"",(((M45-L45)/2)+1)) -> 106 | O45: =if($D45<=$L$3,N45,0) -> 106
A46: Y | B46: 2 | C46: 343 to 348 | D46: 45601 | E46: =D46+7 -> 45608 | F46: =D46+28 -> 45629 | G46: D34-3L | J46: =if(ISBLANK(H46),"",(((I46-H46)/2)+1)) | K46: =if($D46<=$L$3,J46,0) | L46: 216 | M46: 306 | N46: =if(ISBLANK(L46),"",(((M46-L46)/2)+1)) -> 46 | O46: =if($D46<=$L$3,N46,0) -> 46
A47: Y | B47: 2 | C47: 343 to 348 | D47: 45601 | E47: =D47+7 -> 45608 | F47: =D47+28 -> 45629 | G47: D34-4R | H47: 5 | I47: 95 | J47: =if(ISBLANK(H47),"",(((I47-H47)/2)+1)) -> 46 | K47: =if($D47<=$L$3,J47,0) -> 46 | N47: =if(ISBLANK(L47),"",(((M47-L47)/2)+1)) | O47: =if($D47<=$L$3,N47,0)
A48: Y | B48: 2 | C48: 343 to 348 | D48: 45601 | E48: =D48+7 -> 45608 | F48: =D48+28 -> 45629 | G48: D34-4R | H48: 111 | I48: 153 | J48: =if(ISBLANK(H48),"",(((I48-H48)/2)+1)) -> 22 | K48: =if($D48<=$L$3,J48,0) -> 22 | N48: =if(ISBLANK(L48),"",(((M48-L48)/2)+1)) | O48: =if($D48<=$L$3,N48,0)
A49: Y | B49: 3 | C49: غير ماشي في سلفة رقم ٢ | D49: 45601 | E49: =D49+7 -> 45608 | F49: =D49+28 -> 45629 | G49: D37-2R | H49: 47 | I49: 289 | J49: =if(ISBLANK(H49),"",(((I49-H49)/2)+1)) -> 122 | K49: =if($D49<=$L$3,J49,0) -> 122 | N49: =if(ISBLANK(L49),"",(((M49-L49)/2)+1)) | O49: =if($D49<=$L$3,N49,0)
A50: Y | B50: 2 | C50: 361 to 366 | D50: 45602 | E50: =D50+7 -> 45609 | F50: =D50+28 -> 45630 | G50: D34-4R | H50: 155 | I50: 307 | J50: =if(ISBLANK(H50),"",(((I50-H50)/2)+1)) -> 77 | K50: =if($D50<=$L$3,J50,0) -> 77 | L50: 6 | M50: 76 | N50: =if(ISBLANK(L50),"",(((M50-L50)/2)+1)) -> 36 | O50: =if($D50<=$L$3,N50,0) -> 36
A51: Y | B51: 3 | D51: 45602 | E51: =D51+7 -> 45609 | F51: =D51+28 -> 45630 | G51: D37-2R | H51: 3 | I51: 45 | J51: =if(ISBLANK(H51),"",(((I51-H51)/2)+1)) -> 22 | K51: =if($D51<=$L$3,J51,0) -> 22 | L51: 48 | M51: 242 | N51: =if(ISBLANK(L51),"",(((M51-L51)/2)+1)) -> 98 | O51: =if($D51<=$L$3,N51,0) -> 98
A52: Y | B52: 3 | D52: 45602 | E52: =D52+7 -> 45609 | F52: =D52+28 -> 45630 | G52: D37-2R | H52: 291 | I52: 309 | J52: =if(ISBLANK(H52),"",(((I52-H52)/2)+1)) -> 10 | K52: =if($D52<=$L$3,J52,0) -> 10 | L52: 280 | M52: 288 | N52: =if(ISBLANK(L52),"",(((M52-L52)/2)+1)) -> 5 | O52: =if($D52<=$L$3,N52,0) -> 5
A53: Y | B53: 3 | D53: 45603 | E53: =D53+7 -> 45610 | F53: =D53+28 -> 45631 | G53: D37-2L | H53: 3 | I53: 43 | J53: =if(ISBLANK(H53),"",(((I53-H53)/2)+1)) -> 21 | K53: =if($D53<=$L$3,J53,0) -> 21 | N53: =if(ISBLANK(L53),"",(((M53-L53)/2)+1)) | O53: =if($D53<=$L$3,N53,0)
A54: Y | B54: 3 | D54: 45603 | E54: =D54+7 -> 45610 | F54: =D54+28 -> 45631 | G54: D34-4L | H54: 3 | I54: 125 | J54: =if(ISBLANK(H54),"",(((I54-H54)/2)+1)) -> 62 | K54: =if($D54<=$L$3,J54,0) -> 62 | N54: =if(ISBLANK(L54),"",(((M54-L54)/2)+1)) | O54: =if($D54<=$L$3,N54,0)
A55: Y | B55: 3 | D55: 45603 | E55: =D55+7 -> 45610 | F55: =D55+28 -> 45631 | G55: D37-2R | J55: =if(ISBLANK(H55),"",(((I55-H55)/2)+1)) | K55: =if($D55<=$L$3,J55,0) | L55: 4 | M55: 46 | N55: =if(ISBLANK(L55),"",(((M55-L55)/2)+1)) -> 22 | O55: =if($D55<=$L$3,N55,0) -> 22
A56: Y | B56: 3 | D56: 45603 | E56: =D56+7 -> 45610 | F56: =D56+28 -> 45631 | G56: D37-2R | J56: =if(ISBLANK(H56),"",(((I56-H56)/2)+1)) | K56: =if($D56<=$L$3,J56,0) | L56: 244 | M56: 278 | N56: =if(ISBLANK(L56),"",(((M56-L56)/2)+1)) -> 18 | O56: =if($D56<=$L$3,N56,0) -> 18
A57: Y | B57: 3 | D57: 45603 | E57: =D57+7 -> 45610 | F57: =D57+28 -> 45631 | G57: D37-2R | J57: =if(ISBLANK(H57),"",(((I57-H57)/2)+1)) | K57: =if($D57<=$L$3,J57,0) | L57: 290 | M57: 310 | N57: =if(ISBLANK(L57),"",(((M57-L57)/2)+1)) -> 11 | O57: =if($D57<=$L$3,N57,0) -> 11
A58: Y | B58: 3 | D58: 45605 | E58: =D58+7 -> 45612 | F58: =D58+28 -> 45633 | G58: D37-2L | H58: 45 | I58: 311 | J58: =if(ISBLANK(H58),"",(((I58-H58)/2)+1)) -> 134 | K58: =if($D58<=$L$3,J58,0) -> 134 | L58: 4 | M58: 16 | N58: =if(ISBLANK(L58),"",(((M58-L58)/2)+1)) -> 7 | O58: =if($D58<=$L$3,N58,0) -> 7
A59: Y | B59: 3 | D59: 45606 | E59: =D59+7 -> 45613 | F59: =D59+28 -> 45634 | G59: D37-2L | J59: =if(ISBLANK(H59),"",(((I59-H59)/2)+1)) | K59: =if($D59<=$L$3,J59,0) | L59: 18 | M59: 254 | N59: =if(ISBLANK(L59),"",(((M59-L59)/2)+1)) -> 119 | O59: =if($D59<=$L$3,N59,0) -> 119
A60: Y | B60: 3 | C60: 397-402 | D60: 45608 | E60: =D60+7 -> 45615 | F60: =D60+28 -> 45636 | G60: D34-4L | H60: 129 | I60: 187 | J60: =if(ISBLANK(H60),"",(((I60-H60)/2)+1)) -> 30 | K60: =if($D60<=$L$3,J60,0) -> 30 | L60: 4 | M60: 130 | N60: =if(ISBLANK(L60),"",(((M60-L60)/2)+1)) -> 64 | O60: =if($D60<=$L$3,N60,0) -> 64
A61: Y | B61: 3 | C61: 397-402 | D61: 45608 | E61: =D61+7 -> 45615 | F61: =D61+28 -> 45636 | G61: D34-4R | J61: =if(ISBLANK(H61),"",(((I61-H61)/2)+1)) | K61: =if($D61<=$L$3,J61,0) | L61: 78 | M61: 94 | N61: =if(ISBLANK(L61),"",(((M61-L61)/2)+1)) -> 9 | O61: =if($D61<=$L$3,N61,0) -> 9
A62: Y | B62: 3 | C62: 397-402 | D62: 45608 | E62: =D62+7 -> 45615 | F62: =D62+28 -> 45636 | G62: D34-1L | J62: =if(ISBLANK(H62),"",(((I62-H62)/2)+1)) | K62: =if($D62<=$L$3,J62,0) | L62: 268 | M62: 286 | N62: =if(ISBLANK(L62),"",(((M62-L62)/2)+1)) -> 10 | O62: =if($D62<=$L$3,N62,0) -> 10
A63: Y | B63: 3 | D63: 45608 | E63: =D63+7 -> 45615 | F63: =D63+28 -> 45636 | G63: D37-2L | J63: =if(ISBLANK(H63),"",(((I63-H63)/2)+1)) | K63: =if($D63<=$L$3,J63,0) | L63: 256 | M63: 312 | N63: =if(ISBLANK(L63),"",(((M63-L63)/2)+1)) -> 29 | O63: =if($D63<=$L$3,N63,0) -> 29
A64: Y | B64: 3 | D64: 45608 | E64: =D64+7 -> 45615 | F64: =D64+28 -> 45636 | G64: D37-1L | H64: 3 | I64: 161 | J64: =if(ISBLANK(H64),"",(((I64-H64)/2)+1)) -> 80 | K64: =if($D64<=$L$3,J64,0) -> 80 | N64: =if(ISBLANK(L64),"",(((M64-L64)/2)+1)) | O64: =if($D64<=$L$3,N64,0)
A65: Y | B65: 3 | C65: 409-414 | D65: 45609 | E65: =D65+7 -> 45616 | F65: =D65+28 -> 45637 | G65: D34-4R | J65: =if(ISBLANK(H65),"",(((I65-H65)/2)+1)) | K65: =if($D65<=$L$3,J65,0) | L65: 112 | M65: 308 | N65: =if(ISBLANK(L65),"",(((M65-L65)/2)+1)) -> 99 | O65: =if($D65<=$L$3,N65,0) -> 99
A66: Y | B66: 3 | C66: 409-414 | D66: 45609 | E66: =D66+7 -> 45616 | F66: =D66+28 -> 45637 | G66: D34-1L | J66: =if(ISBLANK(H66),"",(((I66-H66)/2)+1)) | K66: =if($D66<=$L$3,J66,0) | L66: 2 | M66: 2 | N66: =if(ISBLANK(L66),"",(((M66-L66)/2)+1)) -> 1 | O66: =if($D66<=$L$3,N66,0) -> 1
A67: Y | B67: 3 | C67: 409-414 | D67: 45609 | E67: =D67+7 -> 45616 | F67: =D67+28 -> 45637 | G67: D34-1L | J67: =if(ISBLANK(H67),"",(((I67-H67)/2)+1)) | K67: =if($D67<=$L$3,J67,0) | L67: 288 | M67: 298 | N67: =if(ISBLANK(L67),"",(((M67-L67)/2)+1)) -> 6 | O67: =if($D67<=$L$3,N67,0) -> 6
A68: Y | B68: 3 | D68: 45609 | E68: =D68+7 -> 45616 | F68: =D68+28 -> 45637 | G68: D37-1L | H68: 163 | I68: 189 | J68: =if(ISBLANK(H68),"",(((I68-H68)/2)+1)) -> 14 | K68: =if($D68<=$L$3,J68,0) -> 14 | L68: 4 | M68: 162 | N68: =if(ISBLANK(L68),"",(((M68-L68)/2)+1)) -> 80 | O68: =if($D68<=$L$3,N68,0) -> 80
A69: Y | B69: 3 | D69: 45609 | E69: =D69+7 -> 45616 | F69: =D69+28 -> 45637 | G69: D34-2R | H69: 263 | I69: 263 | J69: =if(ISBLANK(H69),"",(((I69-H69)/2)+1)) -> 1 | K69: =if($D69<=$L$3,J69,0) -> 1 | N69: =if(ISBLANK(L69),"",(((M69-L69)/2)+1)) | O69: =if($D69<=$L$3,N69,0)
A70: Y | B70: 3 | D70: 45609 | E70: =D70+7 -> 45616 | F70: =D70+28 -> 45637 | G70: D34-2R | H70: 271 | I70: 277 | J70: =if(ISBLANK(H70),"",(((I70-H70)/2)+1)) -> 4 | K70: =if($D70<=$L$3,J70,0) -> 4 | L70: 278 | M70: 284 | N70: =if(ISBLANK(L70),"",(((M70-L70)/2)+1)) -> 4 | O70: =if($D70<=$L$3,N70,0) -> 4
A71: Y | B71: 3 | D71: 45610 | E71: =D71+7 -> 45617 | F71: =D71+28 -> 45638 | G71: D38-1L | J71: =if(ISBLANK(H71),"",(((I71-H71)/2)+1)) | K71: =if($D71<=$L$3,J71,0) | L71: 4 | M71: 156 | N71: =if(ISBLANK(L71),"",(((M71-L71)/2)+1)) -> 77 | O71: =if($D71<=$L$3,N71,0) -> 77
A72: Y | B72: 3 | C72: 427-432 | D72: 45610 | E72: =D72+7 -> 45617 | F72: =D72+28 -> 45638 | G72: D34-4L | J72: =if(ISBLANK(H72),"",(((I72-H72)/2)+1)) | K72: =if($D72<=$L$3,J72,0) | L72: 132 | M72: 188 | N72: =if(ISBLANK(L72),"",(((M72-L72)/2)+1)) -> 29 | O72: =if($D72<=$L$3,N72,0) -> 29
A73: Y | B73: 3 | D73: 45610 | E73: =D73+7 -> 45617 | F73: =D73+28 -> 45638 | G73: D37-1L | H73: 191 | I73: 311 | J73: =if(ISBLANK(H73),"",(((I73-H73)/2)+1)) -> 61 | K73: =if($D73<=$L$3,J73,0) -> 61 | N73: =if(ISBLANK(L73),"",(((M73-L73)/2)+1)) | O73: =if($D73<=$L$3,N73,0)
A74: Y | B74: 3 | D74: 45610 | E74: =D74+7 -> 45617 | F74: =D74+28 -> 45638 | G74: D37-1R | H74: 3 | I74: 91 | J74: =if(ISBLANK(H74),"",(((I74-H74)/2)+1)) -> 45 | K74: =if($D74<=$L$3,J74,0) -> 45 | N74: =if(ISBLANK(L74),"",(((M74-L74)/2)+1)) | O74: =if($D74<=$L$3,N74,0)
A75: Y | B75: 3 | D75: 45612 | E75: =D75+7 -> 45619 | F75: =D75+28 -> 45640 | G75: D38-1L | H75: 5 | I75: 153 | J75: =if(ISBLANK(H75),"",(((I75-H75)/2)+1)) -> 75 | K75: =if($D75<=$L$3,J75,0) -> 75 | N75: =if(ISBLANK(L75),"",(((M75-L75)/2)+1)) | O75: =if($D75<=$L$3,N75,0)
A76: Y | B76: 3 | D76: 45612 | E76: =D76+7 -> 45619 | F76: =D76+28 -> 45640 | G76: D38-1L | H76: 158 | I76: 258 | J76: =if(ISBLANK(H76),"",(((I76-H76)/2)+1)) -> 51 | K76: =if($D76<=$L$3,J76,0) -> 51 | N76: =if(ISBLANK(L76),"",(((M76-L76)/2)+1)) | O76: =if($D76<=$L$3,N76,0)
A77: Y | B77: 3 | D77: 45612 | E77: =D77+7 -> 45619 | F77: =D77+28 -> 45640 | G77: D37-1R | H77: 95 | I77: 305 | J77: =if(ISBLANK(H77),"",(((I77-H77)/2)+1)) -> 106 | K77: =if($D77<=$L$3,J77,0) -> 106 | N77: =if(ISBLANK(L77),"",(((M77-L77)/2)+1)) | O77: =if($D77<=$L$3,N77,0)
A78: Y | B78: 3 | D78: 45613 | E78: =D78+7 -> 45620 | F78: =D78+28 -> 45641 | G78: D38-1L | H78: 155 | I78: 235 | J78: =if(ISBLANK(H78),"",(((I78-H78)/2)+1)) -> 41 | K78: =if($D78<=$L$3,J78,0) -> 41 | L78: 258 | M78: 306 | N78: =if(ISBLANK(L78),"",(((M78-L78)/2)+1)) -> 25 | O78: =if($D78<=$L$3,N78,0) -> 25
A79: Y | B79: 3 | D79: 45613 | E79: =D79+7 -> 45620 | F79: =D79+28 -> 45641 | G79: D37-1L | J79: =if(ISBLANK(H79),"",(((I79-H79)/2)+1)) | K79: =if($D79<=$L$3,J79,0) | L79: 164 | M79: 268 | N79: =if(ISBLANK(L79),"",(((M79-L79)/2)+1)) -> 53 | O79: =if($D79<=$L$3,N79,0) -> 53
A80: Y | B80: 3 | D80: 45614 | E80: =D80+7 -> 45621 | F80: =D80+28 -> 45642 | G80: D38-1L | H80: 237 | I80: 305 | J80: =if(ISBLANK(H80),"",(((I80-H80)/2)+1)) -> 35 | K80: =if($D80<=$L$3,J80,0) -> 35 | N80: =if(ISBLANK(L80),"",(((M80-L80)/2)+1)) | O80: =if($D80<=$L$3,N80,0)
A81: Y | B81: 3 | D81: 45614 | E81: =D81+7 -> 45621 | F81: =D81+28 -> 45642 | G81: D38-3L | H81: 7 | I81: 197 | J81: =if(ISBLANK(H81),"",(((I81-H81)/2)+1)) -> 96 | K81: =if($D81<=$L$3,J81,0) -> 96 | N81: =if(ISBLANK(L81),"",(((M81-L81)/2)+1)) | O81: =if($D81<=$L$3,N81,0)
A82: Y | B82: 3 | D82: 45614 | E82: =D82+7 -> 45621 | F82: =D82+28 -> 45642 | G82: D37-1L | J82: =if(ISBLANK(H82),"",(((I82-H82)/2)+1)) | K82: =if($D82<=$L$3,J82,0) | L82: 270 | M82: 284 | N82: =if(ISBLANK(L82),"",(((M82-L82)/2)+1)) -> 8 | O82: =if($D82<=$L$3,N82,0) -> 8
A83: Y | B83: 3 | D83: 45615 | E83: =D83+7 -> 45622 | F83: =D83+28 -> 45643 | G83: D37-1L | J83: =if(ISBLANK(H83),"",(((I83-H83)/2)+1)) | K83: =if($D83<=$L$3,J83,0) | L83: 286 | M83: 310 | N83: =if(ISBLANK(L83),"",(((M83-L83)/2)+1)) -> 13 | O83: =if($D83<=$L$3,N83,0) -> 13
A84: Y | B84: 3 | D84: 45615 | E84: =D84+7 -> 45622 | F84: =D84+28 -> 45643 | G84: D37-1R | J84: =if(ISBLANK(H84),"",(((I84-H84)/2)+1)) | K84: =if($D84<=$L$3,J84,0) | L84: 4 | M84: 90 | N84: =if(ISBLANK(L84),"",(((M84-L84)/2)+1)) -> 44 | O84: =if($D84<=$L$3,N84,0) -> 44
A85: Y | B85: 3 | D85: 45615 | E85: =D85+7 -> 45622 | F85: =D85+28 -> 45643 | G85: D37-1R | J85: =if(ISBLANK(H85),"",(((I85-H85)/2)+1)) | K85: =if($D85<=$L$3,J85,0) | L85: 96 | M85: 212 | N85: =if(ISBLANK(L85),"",(((M85-L85)/2)+1)) -> 59 | O85: =if($D85<=$L$3,N85,0) -> 59
A86: Y | B86: 3 | D86: 45620 | E86: =D86+7 -> 45627 | F86: =D86+28 -> 45648 | G86: D38-3L | H86: 199 | I86: 273 | J86: =if(ISBLANK(H86),"",(((I86-H86)/2)+1)) -> 38 | K86: =if($D86<=$L$3,J86,0) -> 38 | L86: 8 | M86: 196 | N86: =if(ISBLANK(L86),"",(((M86-L86)/2)+1)) -> 95 | O86: =if($D86<=$L$3,N86,0) -> 95
A87: Y | B87: 3 | D87: 45621 | E87: =D87+7 -> 45628 | F87: =D87+28 -> 45649 | G87: D38-3L | H87: 275 | I87: 395 | J87: =if(ISBLANK(H87),"",(((I87-H87)/2)+1)) -> 61 | K87: =if($D87<=$L$3,J87,0) -> 61 | N87: =if(ISBLANK(L87),"",(((M87-L87)/2)+1)) | O87: =if($D87<=$L$3,N87,0)
A88: Y | B88: 3 | D88: 45622 | E88: =D88+7 -> 45629 | F88: =D88+28 -> 45650 | G88: D38-3L | J88: =if(ISBLANK(H88),"",(((I88-H88)/2)+1)) | K88: =if($D88<=$L$3,J88,0) | L88: 198 | M88: 358 | N88: =if(ISBLANK(L88),"",(((M88-L88)/2)+1)) -> 81 | O88: =if($D88<=$L$3,N88,0) -> 81 | P88: 62
A89: Y | B89: 3 | D89: 45622 | E89: =D89+7 -> 45629 | F89: =D89+28 -> 45650 | G89: DC40 | H89: 7 | I89: 87 | J89: =if(ISBLANK(H89),"",(((I89-H89)/2)+1)) -> 41 | K89: =if($D89<=$L$3,J89,0) -> 41 | L89: 90 | M89: 118 | N89: =if(ISBLANK(L89),"",(((M89-L89)/2)+1)) -> 15 | O89: =if($D89<=$L$3,N89,0) -> 15 | P89: 61
A90: Y | B90: 3 | D90: 45623 | E90: =D90+7 -> 45630 | F90: =D90+28 -> 45651 | G90: D40-2L-1 | J90: =if(ISBLANK(H90),"",(((I90-H90)/2)+1)) | K90: =if($D90<=$L$3,J90,0) | N90: =if(ISBLANK(L90),"",(((M90-L90)/2)+1)) | O90: =if($D90<=$L$3,N90,0)
A91: Y | B91: 3 | D91: 45623 | E91: =D91+7 -> 45630 | F91: =D91+28 -> 45651 | G91: BRG12 | H91: 1307 | I91: 1375 | J91: =if(ISBLANK(H91),"",(((I91-H91)/2)+1)) -> 35 | K91: =if($D91<=$L$3,J91,0) -> 35 | N91: =if(ISBLANK(L91),"",(((M91-L91)/2)+1)) | O91: =if($D91<=$L$3,N91,0) | P91: 65
A92: Y | B92: 3 | D92: 45623 | E92: =D92+7 -> 45630 | F92: =D92+28 -> 45651 | G92: DC40 | H92: 91 | I92: 95 | J92: =if(ISBLANK(H92),"",(((I92-H92)/2)+1)) -> 3 | K92: =if($D92<=$L$3,J92,0) -> 3 | L92: 8 | M92: 88 | N92: =if(ISBLANK(L92),"",(((M92-L92)/2)+1)) -> 41 | O92: =if($D92<=$L$3,N92,0) -> 41 | P92: 64
A93: Y | B93: 3 | D93: 45624 | E93: =D93+7 -> 45631 | F93: =D93+28 -> 45652 | G93: BRG12 | H93: 1377 | I93: 1437 | J93: =if(ISBLANK(H93),"",(((I93-H93)/2)+1)) -> 31 | K93: =if($D93<=$L$3,J93,0) -> 31 | N93: =if(ISBLANK(L93),"",(((M93-L93)/2)+1)) | O93: =if($D93<=$L$3,N93,0) | P93: 66
A94: Y | B94: 3 | D94: 45624 | E94: =D94+7 -> 45631 | F94: =D94+28 -> 45652 | G94: DC40 | H94: 215 | I94: 217 | J94: =if(ISBLANK(H94),"",(((I94-H94)/2)+1)) -> 2 | K94: =if($D94<=$L$3,J94,0) -> 2 | L94: 120 | M94: 212 | N94: =if(ISBLANK(L94),"",(((M94-L94)/2)+1)) -> 47 | O94: =if($D94<=$L$3,N94,0) -> 47 | P94: 67
A95: Y | B95: 3 | D95: 45626 | E95: =D95+7 -> 45633 | F95: =D95+28 -> 45654 | G95: BRG12 | J95: =if(ISBLANK(H95),"",(((I95-H95)/2)+1)) | K95: =if($D95<=$L$3,J95,0) | L95: 1308 | M95: 1376 | N95: =if(ISBLANK(L95),"",(((M95-L95)/2)+1)) -> 35 | O95: =if($D95<=$L$3,N95,0) -> 35 | P95: 68
A96: Y | B96: 3 | D96: 45626 | E96: =D96+7 -> 45633 | F96: =D96+28 -> 45654 | G96: DC40 | H96: 89 | I96: 89 | J96: =if(ISBLANK(H96),"",(((I96-H96)/2)+1)) -> 1 | K96: =if($D96<=$L$3,J96,0) -> 1 | N96: =if(ISBLANK(L96),"",(((M96-L96)/2)+1)) | O96: =if($D96<=$L$3,N96,0) | P96: 69
A97: Y | B97: 3 | D97: 45626 | E97: =D97+7 -> 45633 | F97: =D97+28 -> 45654 | G97: DC40 | H97: 97 | I97: 97 | J97: =if(ISBLANK(H97),"",(((I97-H97)/2)+1)) -> 1 | K97: =if($D97<=$L$3,J97,0) -> 1 | N97: =if(ISBLANK(L97),"",(((M97-L97)/2)+1)) | O97: =if($D97<=$L$3,N97,0)
A98: Y | B98: 3 | D98: 45626 | E98: =D98+7 -> 45633 | F98: =D98+28 -> 45654 | G98: DC40 | H98: 101 | I98: 207 | J98: =if(ISBLANK(H98),"",(((I98-H98)/2)+1)) -> 54 | K98: =if($D98<=$L$3,J98,0) -> 54 | N98: =if(ISBLANK(L98),"",(((M98-L98)/2)+1)) | O98: =if($D98<=$L$3,N98,0) | P98: 69
A99: Y | B99: 3 | D99: 45627 | E99: =D99+7 -> 45634 | F99: =D99+28 -> 45655 | G99: BRG12 | H99: 1439 | I99: 1455 | J99: =if(ISBLANK(H99),"",(((I99-H99)/2)+1)) -> 9 | K99: =if($D99<=$L$3,J99,0) -> 9 | L99: 1378 | M99: 1436 | N99: =if(ISBLANK(L99),"",(((M99-L99)/2)+1)) -> 30 | O99: =if($D99<=$L$3,N99,0) -> 30 | P99: 70
A100: Y | B100: 3 | D100: 45627 | E100: =D100+7 -> 45634 | F100: =D100+28 -> 45655 | G100: DC40 | H100: 209 | I100: 213 | J100: =if(ISBLANK(H100),"",(((I100-H100)/2)+1)) -> 3 | K100: =if($D100<=$L$3,J100,0) -> 3 | L100: 216 | M100: 216 | N100: =if(ISBLANK(L100),"",(((M100-L100)/2)+1)) -> 1 | O100: =if($D100<=$L$3,N100,0) -> 1 | P100: 71
A101: Y | B101: 3 | D101: 45627 | E101: =D101+7 -> 45634 | F101: =D101+28 -> 45655 | G101: DC40 | H101: 219 | I101: 271 | J101: =if(ISBLANK(H101),"",(((I101-H101)/2)+1)) -> 27 | K101: =if($D101<=$L$3,J101,0) -> 27 | N101: =if(ISBLANK(L101),"",(((M101-L101)/2)+1)) | O101: =if($D101<=$L$3,N101,0) | P101: 71
A102: Y | B102: 3 | D102: 45628 | E102: =D102+7 -> 45635 | F102: =D102+28 -> 45656 | G102: BRG12 | H102: 1457 | I102: 1525 | J102: =if(ISBLANK(H102),"",(((I102-H102)/2)+1)) -> 35 | K102: =if($D102<=$L$3,J102,0) -> 35 | N102: =if(ISBLANK(L102),"",(((M102-L102)/2)+1)) | O102: =if($D102<=$L$3,N102,0) | P102: 72
...

Sheet صفحة الفرز
E1: نتائج متوفرة؟ | F1: اسم القناة | G1: رقم السلفة
A2: من | B2: 45414 | C2: الى | D2: 45864 | E2: الكل | F2: الكل | G2: الكل | K2: =H2+M2 -> 0 | AA2: =sum(AB:AB) -> 212463 | AC2: D40-1L | AD2: =AA2+AF2 -> 225193 | AE2: =AB2+AG2 -> 0 | AF2: =sum(AG:AG) -> 12730
F3: =(SUM(J9:J1945)+SUM(N9:N1945))*3 -> 77271 | G3: طول التبطين | K3: =K2*3 -> 0 | AD3: =AD2*3 -> 675579 | AE3: =AE2*3 -> 0
A7: =IFERROR(__xludf.DUMMYFUNCTION("{ 'Concrete Orders'!A5:R6; QUERY('Concrete Orders'!A:R, ""select * where D >= date '""&TEXT(B2,""yyyy-mm-dd"")&""' and D <= date '""&TEXT(D2,""yyyy-mm-dd"")&""' ""&IF(E2=""الكل"", """", ""and A = '""&E2&""' "")&"" ""&IF(F2=""الكل"", """&""", ""and G = '""&F2&""' "")&"" ""&IF(G2=""الكل"", """", ""and B = '""&G2&""' "")&"" ORDER BY D"", 1) } "),"الفاشل") -> الفاشل | B7: =IFERROR(__xludf.DUMMYFUNCTION("""COMPUTED_VALUE"""),"رقم السلفة") -> رقم السلفة | C7: =IFERROR(__xludf.DUMMYFUNCTION("""COMPUTED_VALUE"""),"التسلسل") -> التسلسل | D7: =IFERROR(__xludf.DUMMYFUNCTION("""COMPUTED_VALUE"""),"تاريخ الصب") -> تاريخ الصب | E7: =IFERROR(__xludf.DUMMYFUNCTION("""COMPUTED_VALUE"""),"بعد 7 ايام") -> بعد 7 ايام | F7: =IFERROR(__xludf.DUMMYFUNCTION("""COMPUTED_VALUE"""),"بعد 28 يوم") -> بعد 28 يوم | G7: =IFERROR(__xludf.DUMMYFUNCTION("""COMPUTED_VALUE"""),"التفاصيل") -> التفاصيل | H7: =IFERROR(__xludf.DUMMYFUNCTION("""COMPUTED_VALUE"""),"Panels") -> Panels | J7: =IFERROR(__xludf.DUMMYFUNCTION("""COMPUTED_VALUE"""),"عدد") -> عدد | K7: =IFERROR(__xludf.DUMMYFUNCTION("""COMPUTED_VALUE"""),"عدد") -> عدد | L7: =IFERROR(__xludf.DUMMYFUNCTION("""COMPUTED_VALUE"""),"Betweens") -> Betweens | N7: =IFERROR(__xludf.DUMMYFUNCTION("""COMPUTED_VALUE"""),"عدد") -> عدد | O7: =IFERROR(__xludf.DUMMYFUNCTION("""COMPUTED_VALUE"""),"عدد") -> عدد | P7: =IFERROR(__xludf.DUMMYFUNCTION("""COMPUTED_VALUE"""),"رقم الاوردر") -> رقم الاوردر | Q7: =IFERROR(__xludf.DUMMYFUNCTION("""COMPUTED_VALUE"""),"الكدس") -> الكدس | R7: =IFERROR(__xludf.DUMMYFUNCTION("""COMPUTED_VALUE"""),"الكمية") -> الكمية
H8: =IFERROR(__xludf.DUMMYFUNCTION("""COMPUTED_VALUE"""),"من") -> من | I8: =IFERROR(__xludf.DUMMYFUNCTION("""COMPUTED_VALUE"""),"الى ") -> الى | L8: =IFERROR(__xludf.DUMMYFUNCTION("""COMPUTED_VALUE"""),"من") -> من | M8: =IFERROR(__xludf.DUMMYFUNCTION("""COMPUTED_VALUE"""),"الى ") -> الى | T8: =IFERROR(__xludf.DUMMYFUNCTION("QUERY('Concrete Orders'!A:R, ""select * where D >= date '""&TEXT(B2,""yyyy-mm-dd"")&""' and D <= date '""&TEXT(D2,""yyyy-mm-dd"")&""' ""&IF(E2=""الكل"", """", ""and A = '""&E2&""' "")&"" ""&IF(F2=""الكل"", """", ""and G = '""&F2&""' "")&"" "&" ORDER BY D"", 1)"),"Y") -> Y | U8: =IFERROR(__xludf.DUMMYFUNCTION("""COMPUTED_VALUE"""),"2") -> 2 | V8: =IFERROR(__xludf.DUMMYFUNCTION("""COMPUTED_VALUE"""),"1 to 6") -> 1 to 6 | W8: =IFERROR(__xludf.DUMMYFUNCTION("""COMPUTED_VALUE"""),45557.0) -> 45557 | X8: =IFERROR(__xludf.DUMMYFUNCTION("""COMPUTED_VALUE"""),45564.0) -> 45564 | Y8: =IFERROR(__xludf.DUMMYFUNCTION("""COMPUTED_VALUE"""),45585.0) -> 45585 | Z8: =IFERROR(__xludf.DUMMYFUNCTION("""COMPUTED_VALUE"""),"D34-1L") -> D34-1L | AA8: =IFERROR(__xludf.DUMMYFUNCTION("""COMPUTED_VALUE"""),1.0) -> 1 | AB8: =IFERROR(__xludf.DUMMYFUNCTION("""COMPUTED_VALUE"""),29.0) -> 29 | AC8: =IFERROR(__xludf.DUMMYFUNCTION("""COMPUTED_VALUE"""),15.0) -> 15 | AD8: =IFERROR(__xludf.DUMMYFUNCTION("""COMPUTED_VALUE"""),15.0) -> 15
A9: =IFERROR(__xludf.DUMMYFUNCTION("""COMPUTED_VALUE"""),"Y") -> Y | B9: =IFERROR(__xludf.DUMMYFUNCTION("""COMPUTED_VALUE"""),"2") -> 2 | C9: =IFERROR(__xludf.DUMMYFUNCTION("""COMPUTED_VALUE"""),"1 to 6") -> 1 to 6 | D9: =IFERROR(__xludf.DUMMYFUNCTION("""COMPUTED_VALUE"""),45557.0) -> 45557 | E9: =IFERROR(__xludf.DUMMYFUNCTION("""COMPUTED_VALUE"""),45564.0) -> 45564 | F9: =IFERROR(__xludf.DUMMYFUNCTION("""COMPUTED_VALUE"""),45585.0) -> 45585 | G9: =IFERROR(__xludf.DUMMYFUNCTION("""COMPUTED_VALUE"""),"D34-1L") -> D34-1L | H9: =IFERROR(__xludf.DUMMYFUNCTION("""COMPUTED_VALUE"""),1.0) -> 1 | I9: =IFERROR(__xludf.DUMMYFUNCTION("""COMPUTED_VALUE"""),29.0) -> 29 | J9: =IFERROR(__xludf.DUMMYFUNCTION("""COMPUTED_VALUE"""),15.0) -> 15 | K9: =IFERROR(__xludf.DUMMYFUNCTION("""COMPUTED_VALUE"""),15.0) -> 15 | T9: =IFERROR(__xludf.DUMMYFUNCTION("""COMPUTED_VALUE"""),"Y") -> Y | U9: =IFERROR(__xludf.DUMMYFUNCTION("""COMPUTED_VALUE"""),"2") -> 2 | V9: =IFERROR(__xludf.DUMMYFUNCTION("""COMPUTED_VALUE"""),"73 TO 78") -> 73 TO 78 | W9: =IFERROR(__xludf.DUMMYFUNCTION("""COMPUTED_VALUE"""),45574.0) -> 45574 | X9: =IFERROR(__xludf.DUMMYFUNCTION("""COMPUTED_VALUE"""),45581.0) -> 45581 | Y9: =IFERROR(__xludf.DUMMYFUNCTION("""COMPUTED_VALUE"""),45602.0) -> 45602 | Z9: =IFERROR(__xludf.DUMMYFUNCTION("""COMPUTED_VALUE"""),"D36-1L") -> D36-1L | AA9: =IFERROR(__xludf.DUMMYFUNCTION("""COMPUTED_VALUE"""),1.0) -> 1 | AB9: =IFERROR(__xludf.DUMMYFUNCTION("""COMPUTED_VALUE"""),157.0) -> 157 | AC9: =IFERROR(__xludf.DUMMYFUNCTION("""COMPUTED_VALUE"""),79.0) -> 79 | AD9: =IFERROR(__xludf.DUMMYFUNCTION("""COMPUTED_VALUE"""),79.0) -> 79
A10: =IFERROR(__xludf.DUMMYFUNCTION("""COMPUTED_VALUE"""),"Y") -> Y | B10: =IFERROR(__xludf.DUMMYFUNCTION("""COMPUTED_VALUE"""),"2") -> 2 | C10: =IFERROR(__xludf.DUMMYFUNCTION("""COMPUTED_VALUE"""),"73 TO 78") -> 73 TO 78 | D10: =IFERROR(__xludf.DUMMYFUNCTION("""COMPUTED_VALUE"""),45574.0) -> 45574 | E10: =IFERROR(__xludf.DUMMYFUNCTION("""COMPUTED_VALUE"""),45581.0) -> 45581 | F10: =IFERROR(__xludf.DUMMYFUNCTION("""COMPUTED_VALUE"""),45602.0) -> 45602 | G10: =IFERROR(__xludf.DUMMYFUNCTION("""COMPUTED_VALUE"""),"D36-1L") -> D36-1L | H10: =IFERROR(__xludf.DUMMYFUNCTION("""COMPUTED_VALUE"""),1.0) -> 1 | I10: =IFERROR(__xludf.DUMMYFUNCTION("""COMPUTED_VALUE"""),157.0) -> 157 | J10: =IFERROR(__xludf.DUMMYFUNCTION("""COMPUTED_VALUE"""),79.0) -> 79 | K10: =IFERROR(__xludf.DUMMYFUNCTION("""COMPUTED_VALUE"""),79.0) -> 79 | T10: =IFERROR(__xludf.DUMMYFUNCTION("""COMPUTED_VALUE"""),"Y") -> Y | U10: =IFERROR(__xludf.DUMMYFUNCTION("""COMPUTED_VALUE"""),"2") -> 2 | V10: =IFERROR(__xludf.DUMMYFUNCTION("""COMPUTED_VALUE"""),"91-96") -> 91-96 | W10: =IFERROR(__xludf.DUMMYFUNCTION("""COMPUTED_VALUE"""),45575.0) -> 45575 | X10: =IFERROR(__xludf.DUMMYFUNCTION("""COMPUTED_VALUE"""),45582.0) -> 45582 | Y10: =IFERROR(__xludf.DUMMYFUNCTION("""COMPUTED_VALUE"""),45603.0) -> 45603 | Z10: =IFERROR(__xludf.DUMMYFUNCTION("""COMPUTED_VALUE"""),"D36-1L") -> D36-1L | AA10: =IFERROR(__xludf.DUMMYFUNCTION("""COMPUTED_VALUE"""),159.0) -> 159 | AB10: =IFERROR(__xludf.DUMMYFUNCTION("""COMPUTED_VALUE"""),177.0) -> 177 | AC10: =IFERROR(__xludf.DUMMYFUNCTION("""COMPUTED_VALUE"""),10.0) -> 10 | AD10: =IFERROR(__xludf.DUMMYFUNCTION("""COMPUTED_VALUE"""),10.0) -> 10
A11: =IFERROR(__xludf.DUMMYFUNCTION("""COMPUTED_VALUE"""),"Y") -> Y | B11: =IFERROR(__xludf.DUMMYFUNCTION("""COMPUTED_VALUE"""),"2") -> 2 | C11: =IFERROR(__xludf.DUMMYFUNCTION("""COMPUTED_VALUE"""),"91-96") -> 91-96 | D11: =IFERROR(__xludf.DUMMYFUNCTION("""COMPUTED_VALUE"""),45575.0) -> 45575 | E11: =IFERROR(__xludf.DUMMYFUNCTION("""COMPUTED_VALUE"""),45582.0) -> 45582 | F11: =IFERROR(__xludf.DUMMYFUNCTION("""COMPUTED_VALUE"""),45603.0) -> 45603 | G11: =IFERROR(__xludf.DUMMYFUNCTION("""COMPUTED_VALUE"""),"D36-1L") -> D36-1L | H11: =IFERROR(__xludf.DUMMYFUNCTION("""COMPUTED_VALUE"""),159.0) -> 159 | I11: =IFERROR(__xludf.DUMMYFUNCTION("""COMPUTED_VALUE"""),177.0) -> 177 | J11: =IFERROR(__xludf.DUMMYFUNCTION("""COMPUTED_VALUE"""),10.0) -> 10 | K11: =IFERROR(__xludf.DUMMYFUNCTION("""COMPUTED_VALUE"""),10.0) -> 10 | T11: =IFERROR(__xludf.DUMMYFUNCTION("""COMPUTED_VALUE"""),"Y") -> Y | U11: =IFERROR(__xludf.DUMMYFUNCTION("""COMPUTED_VALUE"""),"2") -> 2 | V11: =IFERROR(__xludf.DUMMYFUNCTION("""COMPUTED_VALUE"""),"91-96") -> 91-96 | W11: =IFERROR(__xludf.DUMMYFUNCTION("""COMPUTED_VALUE"""),45575.0) -> 45575 | X11: =IFERROR(__xludf.DUMMYFUNCTION("""COMPUTED_VALUE"""),45582.0) -> 45582 | Y11: =IFERROR(__xludf.DUMMYFUNCTION("""COMPUTED_VALUE"""),45603.0) -> 45603 | Z11: =IFERROR(__xludf.DUMMYFUNCTION("""COMPUTED_VALUE"""),"D36-2L") -> D36-2L | AA11: =IFERROR(__xludf.DUMMYFUNCTION("""COMPUTED_VALUE"""),1.0) -> 1 | AB11: =IFERROR(__xludf.DUMMYFUNCTION("""COMPUTED_VALUE"""),161.0) -> 161 | AC11: =IFERROR(__xludf.DUMMYFUNCTION("""COMPUTED_VALUE"""),81.0) -> 81 | AD11: =IFERROR(__xludf.DUMMYFUNCTION("""COMPUTED_VALUE"""),81.0) -> 81
A12: =IFERROR(__xludf.DUMMYFUNCTION("""COMPUTED_VALUE"""),"Y") -> Y | B12: =IFERROR(__xludf.DUMMYFUNCTION("""COMPUTED_VALUE"""),"2") -> 2 | C12: =IFERROR(__xludf.DUMMYFUNCTION("""COMPUTED_VALUE"""),"91-96") -> 91-96 | D12: =IFERROR(__xludf.DUMMYFUNCTION("""COMPUTED_VALUE"""),45575.0) -> 45575 | E12: =IFERROR(__xludf.DUMMYFUNCTION("""COMPUTED_VALUE"""),45582.0) -> 45582 | F12: =IFERROR(__xludf.DUMMYFUNCTION("""COMPUTED_VALUE"""),45603.0) -> 45603 | G12: =IFERROR(__xludf.DUMMYFUNCTION("""COMPUTED_VALUE"""),"D36-2L") -> D36-2L | H12: =IFERROR(__xludf.DUMMYFUNCTION("""COMPUTED_VALUE"""),1.0) -> 1 | I12: =IFERROR(__xludf.DUMMYFUNCTION("""COMPUTED_VALUE"""),161.0) -> 161 | J12: =IFERROR(__xludf.DUMMYFUNCTION("""COMPUTED_VALUE"""),81.0) -> 81 | K12: =IFERROR(__xludf.DUMMYFUNCTION("""COMPUTED_VALUE"""),81.0) -> 81 | T12: =IFERROR(__xludf.DUMMYFUNCTION("""COMPUTED_VALUE"""),"Y") -> Y | U12: =IFERROR(__xludf.DUMMYFUNCTION("""COMPUTED_VALUE"""),"2") -> 2 | V12: =IFERROR(__xludf.DUMMYFUNCTION("""COMPUTED_VALUE"""),"109-114") -> 109-114 | W12: =IFERROR(__xludf.DUMMYFUNCTION("""COMPUTED_VALUE"""),45577.0) -> 45577 | X12: =IFERROR(__xludf.DUMMYFUNCTION("""COMPUTED_VALUE"""),45584.0) -> 45584 | Y12: =IFERROR(__xludf.DUMMYFUNCTION("""COMPUTED_VALUE"""),45605.0) -> 45605 | Z12: =IFERROR(__xludf.DUMMYFUNCTION("""COMPUTED_VALUE"""),"D36-1L") -> D36-1L | AE12: =IFERROR(__xludf.DUMMYFUNCTION("""COMPUTED_VALUE"""),2.0) -> 2 | AF12: =IFERROR(__xludf.DUMMYFUNCTION("""COMPUTED_VALUE"""),178.0) -> 178 | AG12: =IFERROR(__xludf.DUMMYFUNCTION("""COMPUTED_VALUE"""),89.0) -> 89 | AH12: =IFERROR(__xludf.DUMMYFUNCTION("""COMPUTED_VALUE"""),89.0) -> 89
A13: =IFERROR(__xludf.DUMMYFUNCTION("""COMPUTED_VALUE"""),"Y") -> Y | B13: =IFERROR(__xludf.DUMMYFUNCTION("""COMPUTED_VALUE"""),"2") -> 2 | C13: =IFERROR(__xludf.DUMMYFUNCTION("""COMPUTED_VALUE"""),"109-114") -> 109-114 | D13: =IFERROR(__xludf.DUMMYFUNCTION("""COMPUTED_VALUE"""),45577.0) -> 45577 | E13: =IFERROR(__xludf.DUMMYFUNCTION("""COMPUTED_VALUE"""),45584.0) -> 45584 | F13: =IFERROR(__xludf.DUMMYFUNCTION("""COMPUTED_VALUE"""),45605.0) -> 45605 | G13: =IFERROR(__xludf.DUMMYFUNCTION("""COMPUTED_VALUE"""),"D36-1L") -> D36-1L | L13: =IFERROR(__xludf.DUMMYFUNCTION("""COMPUTED_VALUE"""),2.0) -> 2 | M13: =IFERROR(__xludf.DUMMYFUNCTION("""COMPUTED_VALUE"""),178.0) -> 178 | N13: =IFERROR(__xludf.DUMMYFUNCTION("""COMPUTED_VALUE"""),89.0) -> 89 | O13: =IFERROR(__xludf.DUMMYFUNCTION("""COMPUTED_VALUE"""),89.0) -> 89 | T13: =IFERROR(__xludf.DUMMYFUNCTION("""COMPUTED_VALUE"""),"Y") -> Y | U13: =IFERROR(__xludf.DUMMYFUNCTION("""COMPUTED_VALUE"""),"2") -> 2 | V13: =IFERROR(__xludf.DUMMYFUNCTION("""COMPUTED_VALUE"""),"109-114") -> 109-114 | W13: =IFERROR(__xludf.DUMMYFUNCTION("""COMPUTED_VALUE"""),45577.0) -> 45577 | X13: =IFERROR(__xludf.DUMMYFUNCTION("""COMPUTED_VALUE"""),45584.0) -> 45584 | Y13: =IFERROR(__xludf.DUMMYFUNCTION("""COMPUTED_VALUE"""),45605.0) -> 45605 | Z13: =IFERROR(__xludf.DUMMYFUNCTION("""COMPUTED_VALUE"""),"D36-2L") -> D36-2L | AE13: =IFERROR(__xludf.DUMMYFUNCTION("""COMPUTED_VALUE"""),2.0) -> 2 | AF13: =IFERROR(__xludf.DUMMYFUNCTION("""COMPUTED_VALUE"""),24.0) -> 24 | AG13: =IFERROR(__xludf.DUMMYFUNCTION("""COMPUTED_VALUE"""),12.0) -> 12 | AH13: =IFERROR(__xludf.DUMMYFUNCTION("""COMPUTED_VALUE"""),12.0) -> 12
A14: =IFERROR(__xludf.DUMMYFUNCTION("""COMPUTED_VALUE"""),"Y") -> Y | B14: =IFERROR(__xludf.DUMMYFUNCTION("""COMPUTED_VALUE"""),"2") -> 2 | C14: =IFERROR(__xludf.DUMMYFUNCTION("""COMPUTED_VALUE"""),"109-114") -> 109-114 | D14: =IFERROR(__xludf.DUMMYFUNCTION("""COMPUTED_VALUE"""),45577.0) -> 45577 | E14: =IFERROR(__xludf.DUMMYFUNCTION("""COMPUTED_VALUE"""),45584.0) -> 45584 | F14: =IFERROR(__xludf.DUMMYFUNCTION("""COMPUTED_VALUE"""),45605.0) -> 45605 | G14: =IFERROR(__xludf.DUMMYFUNCTION("""COMPUTED_VALUE"""),"D36-2L") -> D36-2L | L14: =IFERROR(__xludf.DUMMYFUNCTION("""COMPUTED_VALUE"""),2.0) -> 2 | M14: =IFERROR(__xludf.DUMMYFUNCTION("""COMPUTED_VALUE"""),24.0) -> 24 | N14: =IFERROR(__xludf.DUMMYFUNCTION("""COMPUTED_VALUE"""),12.0) -> 12 | O14: =IFERROR(__xludf.DUMMYFUNCTION("""COMPUTED_VALUE"""),12.0) -> 12 | T14: =IFERROR(__xludf.DUMMYFUNCTION("""COMPUTED_VALUE"""),"Y") -> Y | U14: =IFERROR(__xludf.DUMMYFUNCTION("""COMPUTED_VALUE"""),"2") -> 2 | V14: =IFERROR(__xludf.DUMMYFUNCTION("""COMPUTED_VALUE"""),"115-120") -> 115-120 | W14: =IFERROR(__xludf.DUMMYFUNCTION("""COMPUTED_VALUE"""),45578.0) -> 45578 | X14: =IFERROR(__xludf.DUMMYFUNCTION("""COMPUTED_VALUE"""),45585.0) -> 45585 | Y14: =IFERROR(__xludf.DUMMYFUNCTION("""COMPUTED_VALUE"""),45606.0) -> 45606 | Z14: =IFERROR(__xludf.DUMMYFUNCTION("""COMPUTED_VALUE"""),"D36-2L") -> D36-2L | AA14: =IFERROR(__xludf.DUMMYFUNCTION("""COMPUTED_VALUE"""),163.0) -> 163 | AB14: =IFERROR(__xludf.DUMMYFUNCTION("""COMPUTED_VALUE"""),347.0) -> 347 | AC14: =IFERROR(__xludf.DUMMYFUNCTION("""COMPUTED_VALUE"""),93.0) -> 93 | AD14: =IFERROR(__xludf.DUMMYFUNCTION("""COMPUTED_VALUE"""),93.0) -> 93
A15: =IFERROR(__xludf.DUMMYFUNCTION("""COMPUTED_VALUE"""),"Y") -> Y | B15: =IFERROR(__xludf.DUMMYFUNCTION("""COMPUTED_VALUE"""),"2") -> 2 | C15: =IFERROR(__xludf.DUMMYFUNCTION("""COMPUTED_VALUE"""),"115-120") -> 115-120 | D15: =IFERROR(__xludf.DUMMYFUNCTION("""COMPUTED_VALUE"""),45578.0) -> 45578 | E15: =IFERROR(__xludf.DUMMYFUNCTION("""COMPUTED_VALUE"""),45585.0) -> 45585 | F15: =IFERROR(__xludf.DUMMYFUNCTION("""COMPUTED_VALUE"""),45606.0) -> 45606 | G15: =IFERROR(__xludf.DUMMYFUNCTION("""COMPUTED_VALUE"""),"D36-2L") -> D36-2L | H15: =IFERROR(__xludf.DUMMYFUNCTION("""COMPUTED_VALUE"""),163.0) -> 163 | I15: =IFERROR(__xludf.DUMMYFUNCTION("""COMPUTED_VALUE"""),347.0) -> 347 | J15: =IFERROR(__xludf.DUMMYFUNCTION("""COMPUTED_VALUE"""),93.0) -> 93 | K15: =IFERROR(__xludf.DUMMYFUNCTION("""COMPUTED_VALUE"""),93.0) -> 93 | T15: =IFERROR(__xludf.DUMMYFUNCTION("""COMPUTED_VALUE"""),"Y") -> Y | U15: =IFERROR(__xludf.DUMMYFUNCTION("""COMPUTED_VALUE"""),"2") -> 2 | V15: =IFERROR(__xludf.DUMMYFUNCTION("""COMPUTED_VALUE"""),"127-132") -> 127-132 | W15: =IFERROR(__xludf.DUMMYFUNCTION("""COMPUTED_VALUE"""),45579.0) -> 45579 | X15: =IFERROR(__xludf.DUMMYFUNCTION("""COMPUTED_VALUE"""),45586.0) -> 45586 | Y15: =IFERROR(__xludf.DUMMYFUNCTION("""COMPUTED_VALUE"""),45607.0) -> 45607 | Z15: =IFERROR(__xludf.DUMMYFUNCTION("""COMPUTED_VALUE"""),"D34-1L") -> D34-1L | AA15: =IFERROR(__xludf.DUMMYFUNCTION("""COMPUTED_VALUE"""),31.0) -> 31 | AB15: =IFERROR(__xludf.DUMMYFUNCTION("""COMPUTED_VALUE"""),183.0) -> 183 | AC15: =IFERROR(__xludf.DUMMYFUNCTION("""COMPUTED_VALUE"""),77.0) -> 77 | AD15: =IFERROR(__xludf.DUMMYFUNCTION("""COMPUTED_VALUE"""),77.0) -> 77
A16: =IFERROR(__xludf.DUMMYFUNCTION("""COMPUTED_VALUE"""),"Y") -> Y | B16: =IFERROR(__xludf.DUMMYFUNCTION("""COMPUTED_VALUE"""),"2") -> 2 | C16: =IFERROR(__xludf.DUMMYFUNCTION("""COMPUTED_VALUE"""),"127-132") -> 127-132 | D16: =IFERROR(__xludf.DUMMYFUNCTION("""COMPUTED_VALUE"""),45579.0) -> 45579 | E16: =IFERROR(__xludf.DUMMYFUNCTION("""COMPUTED_VALUE"""),45586.0) -> 45586 | F16: =IFERROR(__xludf.DUMMYFUNCTION("""COMPUTED_VALUE"""),45607.0) -> 45607 | G16: =IFERROR(__xludf.DUMMYFUNCTION("""COMPUTED_VALUE"""),"D34-1L") -> D34-1L | H16: =IFERROR(__xludf.DUMMYFUNCTION("""COMPUTED_VALUE"""),31.0) -> 31 | I16: =IFERROR(__xludf.DUMMYFUNCTION("""COMPUTED_VALUE"""),183.0) -> 183 | J16: =IFERROR(__xludf.DUMMYFUNCTION("""COMPUTED_VALUE"""),77.0) -> 77 | K16: =IFERROR(__xludf.DUMMYFUNCTION("""COMPUTED_VALUE"""),77.0) -> 77 | T16: =IFERROR(__xludf.DUMMYFUNCTION("""COMPUTED_VALUE"""),"Y") -> Y | U16: =IFERROR(__xludf.DUMMYFUNCTION("""COMPUTED_VALUE"""),"2") -> 2 | V16: =IFERROR(__xludf.DUMMYFUNCTION("""COMPUTED_VALUE"""),"133-138") -> 133-138 | W16: =IFERROR(__xludf.DUMMYFUNCTION("""COMPUTED_VALUE"""),45579.0) -> 45579 | X16: =IFERROR(__xludf.DUMMYFUNCTION("""COMPUTED_VALUE"""),45586.0) -> 45586 | Y16: =IFERROR(__xludf.DUMMYFUNCTION("""COMPUTED_VALUE"""),45607.0) -> 45607 | Z16: =IFERROR(__xludf.DUMMYFUNCTION("""COMPUTED_VALUE"""),"D36-2L") -> D36-2L | AE16: =IFERROR(__xludf.DUMMYFUNCTION("""COMPUTED_VALUE"""),26.0) -> 26 | AF16: =IFERROR(__xludf.DUMMYFUNCTION("""COMPUTED_VALUE"""),220.0) -> 220 | AG16: =IFERROR(__xludf.DUMMYFUNCTION("""COMPUTED_VALUE"""),98.0) -> 98 | AH16: =IFERROR(__xludf.DUMMYFUNCTION("""COMPUTED_VALUE"""),98.0) -> 98
A17: =IFERROR(__xludf.DUMMYFUNCTION("""COMPUTED_VALUE"""),"Y") -> Y | B17: =IFERROR(__xludf.DUMMYFUNCTION("""COMPUTED_VALUE"""),"2") -> 2 | C17: =IFERROR(__xludf.DUMMYFUNCTION("""COMPUTED_VALUE"""),"133-138") -> 133-138 | D17: =IFERROR(__xludf.DUMMYFUNCTION("""COMPUTED_VALUE"""),45579.0) -> 45579 | E17: =IFERROR(__xludf.DUMMYFUNCTION("""COMPUTED_VALUE"""),45586.0) -> 45586 | F17: =IFERROR(__xludf.DUMMYFUNCTION("""COMPUTED_VALUE"""),45607.0) -> 45607 | G17: =IFERROR(__xludf.DUMMYFUNCTION("""COMPUTED_VALUE"""),"D36-2L") -> D36-2L | L17: =IFERROR(__xludf.DUMMYFUNCTION("""COMPUTED_VALUE"""),26.0) -> 26 | M17: =IFERROR(__xludf.DUMMYFUNCTION("""COMPUTED_VALUE"""),220.0) -> 220 | N17: =IFERROR(__xludf.DUMMYFUNCTION("""COMPUTED_VALUE"""),98.0) -> 98 | O17: =IFERROR(__xludf.DUMMYFUNCTION("""COMPUTED_VALUE"""),98.0) -> 98 | T17: =IFERROR(__xludf.DUMMYFUNCTION("""COMPUTED_VALUE"""),"Y") -> Y | U17: =IFERROR(__xludf.DUMMYFUNCTION("""COMPUTED_VALUE"""),"2") -> 2 | V17: =IFERROR(__xludf.DUMMYFUNCTION("""COMPUTED_VALUE"""),"151-156") -> 151-156 | W17: =IFERROR(__xludf.DUMMYFUNCTION("""COMPUTED_VALUE"""),45580.0) -> 45580 | X17: =IFERROR(__xludf.DUMMYFUNCTION("""COMPUTED_VALUE"""),45587.0) -> 45587 | Y17: =IFERROR(__xludf.DUMMYFUNCTION("""COMPUTED_VALUE"""),45608.0) -> 45608 | Z17: =IFERROR(__xludf.DUMMYFUNCTION("""COMPUTED_VALUE"""),"D34-1L") -> D34-1L | AA17: =IFERROR(__xludf.DUMMYFUNCTION("""COMPUTED_VALUE"""),185.0) -> 185 | AB17: =IFERROR(__xludf.DUMMYFUNCTION("""COMPUTED_VALUE"""),299.0) -> 299 | AC17: =IFERROR(__xludf.DUMMYFUNCTION("""COMPUTED_VALUE"""),58.0) -> 58 | AD17: =IFERROR(__xludf.DUMMYFUNCTION("""COMPUTED_VALUE"""),58.0) -> 58
A18: =IFERROR(__xludf.DUMMYFUNCTION("""COMPUTED_VALUE"""),"Y") -> Y | B18: =IFERROR(__xludf.DUMMYFUNCTION("""COMPUTED_VALUE"""),"2") -> 2 | C18: =IFERROR(__xludf.DUMMYFUNCTION("""COMPUTED_VALUE"""),"151-156") -> 151-156 | D18: =IFERROR(__xludf.DUMMYFUNCTION("""COMPUTED_VALUE"""),45580.0) -> 45580 | E18: =IFERROR(__xludf.DUMMYFUNCTION("""COMPUTED_VALUE"""),45587.0) -> 45587 | F18: =IFERROR(__xludf.DUMMYFUNCTION("""COMPUTED_VALUE"""),45608.0) -> 45608 | G18: =IFERROR(__xludf.DUMMYFUNCTION("""COMPUTED_VALUE"""),"D34-1L") -> D34-1L | H18: =IFERROR(__xludf.DUMMYFUNCTION("""COMPUTED_VALUE"""),185.0) -> 185 | I18: =IFERROR(__xludf.DUMMYFUNCTION("""COMPUTED_VALUE"""),299.0) -> 299 | J18: =IFERROR(__xludf.DUMMYFUNCTION("""COMPUTED_VALUE"""),58.0) -> 58 | K18: =IFERROR(__xludf.DUMMYFUNCTION("""COMPUTED_VALUE"""),58.0) -> 58 | T18: =IFERROR(__xludf.DUMMYFUNCTION("""COMPUTED_VALUE"""),"Y") -> Y | U18: =IFERROR(__xludf.DUMMYFUNCTION("""COMPUTED_VALUE"""),"2") -> 2 | V18: =IFERROR(__xludf.DUMMYFUNCTION("""COMPUTED_VALUE"""),"151-156") -> 151-156 | W18: =IFERROR(__xludf.DUMMYFUNCTION("""COMPUTED_VALUE"""),45580.0) -> 45580 | X18: =IFERROR(__xludf.DUMMYFUNCTION("""COMPUTED_VALUE"""),45587.0) -> 45587 | Y18: =IFERROR(__xludf.DUMMYFUNCTION("""COMPUTED_VALUE"""),45608.0) -> 45608 | Z18: =IFERROR(__xludf.DUMMYFUNCTION("""COMPUTED_VALUE"""),"D34-1L") -> D34-1L | AE18: =IFERROR(__xludf.DUMMYFUNCTION("""COMPUTED_VALUE"""),4.0) -> 4 | AF18: =IFERROR(__xludf.DUMMYFUNCTION("""COMPUTED_VALUE"""),8.0) -> 8 | AG18: =IFERROR(__xludf.DUMMYFUNCTION("""COMPUTED_VALUE"""),3.0) -> 3 | AH18: =IFERROR(__xludf.DUMMYFUNCTION("""COMPUTED_VALUE"""),3.0) -> 3
A19: =IFERROR(__xludf.DUMMYFUNCTION("""COMPUTED_VALUE"""),"Y") -> Y | B19: =IFERROR(__xludf.DUMMYFUNCTION("""COMPUTED_VALUE"""),"2") -> 2 | C19: =IFERROR(__xludf.DUMMYFUNCTION("""COMPUTED_VALUE"""),"151-156") -> 151-156 | D19: =IFERROR(__xludf.DUMMYFUNCTION("""COMPUTED_VALUE"""),45580.0) -> 45580 | E19: =IFERROR(__xludf.DUMMYFUNCTION("""COMPUTED_VALUE"""),45587.0) -> 45587 | F19: =IFERROR(__xludf.DUMMYFUNCTION("""COMPUTED_VALUE"""),45608.0) -> 45608 | G19: =IFERROR(__xludf.DUMMYFUNCTION("""COMPUTED_VALUE"""),"D34-1L") -> D34-1L | L19: =IFERROR(__xludf.DUMMYFUNCTION("""COMPUTED_VALUE"""),4.0) -> 4 | M19: =IFERROR(__xludf.DUMMYFUNCTION("""COMPUTED_VALUE"""),8.0) -> 8 | N19: =IFERROR(__xludf.DUMMYFUNCTION("""COMPUTED_VALUE"""),3.0) -> 3 | O19: =IFERROR(__xludf.DUMMYFUNCTION("""COMPUTED_VALUE"""),3.0) -> 3 | T19: =IFERROR(__xludf.DUMMYFUNCTION("""COMPUTED_VALUE"""),"Y") -> Y | U19: =IFERROR(__xludf.DUMMYFUNCTION("""COMPUTED_VALUE"""),"2") -> 2 | V19: =IFERROR(__xludf.DUMMYFUNCTION("""COMPUTED_VALUE"""),"157-162") -> 157-162 | W19: =IFERROR(__xludf.DUMMYFUNCTION("""COMPUTED_VALUE"""),45580.0) -> 45580 | X19: =IFERROR(__xludf.DUMMYFUNCTION("""COMPUTED_VALUE"""),45587.0) -> 45587 | Y19: =IFERROR(__xludf.DUMMYFUNCTION("""COMPUTED_VALUE"""),45608.0) -> 45608 | Z19: =IFERROR(__xludf.DUMMYFUNCTION("""COMPUTED_VALUE"""),"D36-2L") -> D36-2L | AE19: =IFERROR(__xludf.DUMMYFUNCTION("""COMPUTED_VALUE"""),220.0) -> 220 | AF19: =IFERROR(__xludf.DUMMYFUNCTION("""COMPUTED_VALUE"""),248.0) -> 248 | AG19: =IFERROR(__xludf.DUMMYFUNCTION("""COMPUTED_VALUE"""),15.0) -> 15 | AH19: =IFERROR(__xludf.DUMMYFUNCTION("""COMPUTED_VALUE"""),15.0) -> 15
A20: =IFERROR(__xludf.DUMMYFUNCTION("""COMPUTED_VALUE"""),"Y") -> Y | B20: =IFERROR(__xludf.DUMMYFUNCTION("""COMPUTED_VALUE"""),"2") -> 2 | C20: =IFERROR(__xludf.DUMMYFUNCTION("""COMPUTED_VALUE"""),"157-162") -> 157-162 | D20: =IFERROR(__xludf.DUMMYFUNCTION("""COMPUTED_VALUE"""),45580.0) -> 45580 | E20: =IFERROR(__xludf.DUMMYFUNCTION("""COMPUTED_VALUE"""),45587.0) -> 45587 | F20: =IFERROR(__xludf.DUMMYFUNCTION("""COMPUTED_VALUE"""),45608.0) -> 45608 | G20: =IFERROR(__xludf.DUMMYFUNCTION("""COMPUTED_VALUE"""),"D36-2L") -> D36-2L | L20: =IFERROR(__xludf.DUMMYFUNCTION("""COMPUTED_VALUE"""),220.0) -> 220 | M20: =IFERROR(__xludf.DUMMYFUNCTION("""COMPUTED_VALUE"""),248.0) -> 248 | N20: =IFERROR(__xludf.DUMMYFUNCTION("""COMPUTED_VALUE"""),15.0) -> 15 | O20: =IFERROR(__xludf.DUMMYFUNCTION("""COMPUTED_VALUE"""),15.0) -> 15 | T20: =IFERROR(__xludf.DUMMYFUNCTION("""COMPUTED_VALUE"""),"Y") -> Y | U20: =IFERROR(__xludf.DUMMYFUNCTION("""COMPUTED_VALUE"""),"2") -> 2 | V20: =IFERROR(__xludf.DUMMYFUNCTION("""COMPUTED_VALUE"""),"169-174") -> 169-174 | W20: =IFERROR(__xludf.DUMMYFUNCTION("""COMPUTED_VALUE"""),45581.0) -> 45581 | X20: =IFERROR(__xludf.DUMMYFUNCTION("""COMPUTED_VALUE"""),45588.0) -> 45588 | Y20: =IFERROR(__xludf.DUMMYFUNCTION("""COMPUTED_VALUE"""),45609.0) -> 45609 | Z20: =IFERROR(__xludf.DUMMYFUNCTION("""COMPUTED_VALUE"""),"D34-1L") -> D34-1L | AE20: =IFERROR(__xludf.DUMMYFUNCTION("""COMPUTED_VALUE"""),10.0) -> 10 | AF20: =IFERROR(__xludf.DUMMYFUNCTION("""COMPUTED_VALUE"""),180.0) -> 180 | AG20: =IFERROR(__xludf.DUMMYFUNCTION("""COMPUTED_VALUE"""),86.0) -> 86 | AH20: =IFERROR(__xludf.DUMMYFUNCTION("""COMPUTED_VALUE"""),86.0) -> 86
A21: =IFERROR(__xludf.DUMMYFUNCTION("""COMPUTED_VALUE"""),"Y") -> Y | B21: =IFERROR(__xludf.DUMMYFUNCTION("""COMPUTED_VALUE"""),"2") -> 2 | C21: =IFERROR(__xludf.DUMMYFUNCTION("""COMPUTED_VALUE"""),"169-174") -> 169-174 | D21: =IFERROR(__xludf.DUMMYFUNCTION("""COMPUTED_VALUE"""),45581.0) -> 45581 | E21: =IFERROR(__xludf.DUMMYFUNCTION("""COMPUTED_VALUE"""),45588.0) -> 45588 | F21: =IFERROR(__xludf.DUMMYFUNCTION("""COMPUTED_VALUE"""),45609.0) -> 45609 | G21: =IFERROR(__xludf.DUMMYFUNCTION("""COMPUTED_VALUE"""),"D34-1L") -> D34-1L | L21: =IFERROR(__xludf.DUMMYFUNCTION("""COMPUTED_VALUE"""),10.0) -> 10 | M21: =IFERROR(__xludf.DUMMYFUNCTION("""COMPUTED_VALUE"""),180.0) -> 180 | N21: =IFERROR(__xludf.DUMMYFUNCTION("""COMPUTED_VALUE"""),86.0) -> 86 | O21: =IFERROR(__xludf.DUMMYFUNCTION("""COMPUTED_VALUE"""),86.0) -> 86 | T21: =IFERROR(__xludf.DUMMYFUNCTION("""COMPUTED_VALUE"""),"Y") -> Y | U21: =IFERROR(__xludf.DUMMYFUNCTION("""COMPUTED_VALUE"""),"2") -> 2 | V21: =IFERROR(__xludf.DUMMYFUNCTION("""COMPUTED_VALUE"""),"187-192") -> 187-192 | W21: =IFERROR(__xludf.DUMMYFUNCTION("""COMPUTED_VALUE"""),45582.0) -> 45582 | X21: =IFERROR(__xludf.DUMMYFUNCTION("""COMPUTED_VALUE"""),45589.0) -> 45589 | Y21: =IFERROR(__xludf.DUMMYFUNCTION("""COMPUTED_VALUE"""),45610.0) -> 45610 | Z21: =IFERROR(__xludf.DUMMYFUNCTION("""COMPUTED_VALUE"""),"D34-2L") -> D34-2L | AA21: =IFERROR(__xludf.DUMMYFUNCTION("""COMPUTED_VALUE"""),1.0) -> 1 | AB21: =IFERROR(__xludf.DUMMYFUNCTION("""COMPUTED_VALUE"""),201.0) -> 201 | AC21: =IFERROR(__xludf.DUMMYFUNCTION("""COMPUTED_VALUE"""),101.0) -> 101 | AD21: =IFERROR(__xludf.DUMMYFUNCTION("""COMPUTED_VALUE"""),101.0) -> 101
A22: =IFERROR(__xludf.DUMMYFUNCTION("""COMPUTED_VALUE"""),"Y") -> Y | B22: =IFERROR(__xludf.DUMMYFUNCTION("""COMPUTED_VALUE"""),"2") -> 2 | C22: =IFERROR(__xludf.DUMMYFUNCTION("""COMPUTED_VALUE"""),"187-192") -> 187-192 | D22: =IFERROR(__xludf.DUMMYFUNCTION("""COMPUTED_VALUE"""),45582.0) -> 45582 | E22: =IFERROR(__xludf.DUMMYFUNCTION("""COMPUTED_VALUE"""),45589.0) -> 45589 | F22: =IFERROR(__xludf.DUMMYFUNCTION("""COMPUTED_VALUE"""),45610.0) -> 45610 | G22: =IFERROR(__xludf.DUMMYFUNCTION("""COMPUTED_VALUE"""),"D34-2L") -> D34-2L | H22: =IFERROR(__xludf.DUMMYFUNCTION("""COMPUTED_VALUE"""),1.0) -> 1 | I22: =IFERROR(__xludf.DUMMYFUNCTION("""COMPUTED_VALUE"""),201.0) -> 201 | J22: =IFERROR(__xludf.DUMMYFUNCTION("""COMPUTED_VALUE"""),101.0) -> 101 | K22: =IFERROR(__xludf.DUMMYFUNCTION("""COMPUTED_VALUE"""),101.0) -> 101 | T22: =IFERROR(__xludf.DUMMYFUNCTION("""COMPUTED_VALUE"""),"Y") -> Y | U22: =IFERROR(__xludf.DUMMYFUNCTION("""COMPUTED_VALUE"""),"2") -> 2 | V22: =IFERROR(__xludf.DUMMYFUNCTION("""COMPUTED_VALUE"""),"205-210") -> 205-210 | W22: =IFERROR(__xludf.DUMMYFUNCTION("""COMPUTED_VALUE"""),45584.0) -> 45584 | X22: =IFERROR(__xludf.DUMMYFUNCTION("""COMPUTED_VALUE"""),45591.0) -> 45591 | Y22: =IFERROR(__xludf.DUMMYFUNCTION("""COMPUTED_VALUE"""),45612.0) -> 45612 | Z22: =IFERROR(__xludf.DUMMYFUNCTION("""COMPUTED_VALUE"""),"D34-2L") -> D34-2L | AE22: =IFERROR(__xludf.DUMMYFUNCTION("""COMPUTED_VALUE"""),2.0) -> 2 | AF22: =IFERROR(__xludf.DUMMYFUNCTION("""COMPUTED_VALUE"""),104.0) -> 104 | AG22: =IFERROR(__xludf.DUMMYFUNCTION("""COMPUTED_VALUE"""),52.0) -> 52 | AH22: =IFERROR(__xludf.DUMMYFUNCTION("""COMPUTED_VALUE"""),52.0) -> 52
A23: =IFERROR(__xludf.DUMMYFUNCTION("""COMPUTED_VALUE"""),"Y") -> Y | B23: =IFERROR(__xludf.DUMMYFUNCTION("""COMPUTED_VALUE"""),"2") -> 2 | C23: =IFERROR(__xludf.DUMMYFUNCTION("""COMPUTED_VALUE"""),"205-210") -> 205-210 | D23: =IFERROR(__xludf.DUMMYFUNCTION("""COMPUTED_VALUE"""),45584.0) -> 45584 | E23: =IFERROR(__xludf.DUMMYFUNCTION("""COMPUTED_VALUE"""),45591.0) -> 45591 | F23: =IFERROR(__xludf.DUMMYFUNCTION("""COMPUTED_VALUE"""),45612.0) -> 45612 | G23: =IFERROR(__xludf.DUMMYFUNCTION("""COMPUTED_VALUE"""),"D34-2L") -> D34-2L | L23: =IFERROR(__xludf.DUMMYFUNCTION("""COMPUTED_VALUE"""),2.0) -> 2 | M23: =IFERROR(__xludf.DUMMYFUNCTION("""COMPUTED_VALUE"""),104.0) -> 104 | N23: =IFERROR(__xludf.DUMMYFUNCTION("""COMPUTED_VALUE"""),52.0) -> 52 | O23: =IFERROR(__xludf.DUMMYFUNCTION("""COMPUTED_VALUE"""),52.0) -> 52 | T23: =IFERROR(__xludf.DUMMYFUNCTION("""COMPUTED_VALUE"""),"Y") -> Y | U23: =IFERROR(__xludf.DUMMYFUNCTION("""COMPUTED_VALUE"""),"2") -> 2 | V23: =IFERROR(__xludf.DUMMYFUNCTION("""COMPUTED_VALUE"""),"205-210") -> 205-210 | W23: =IFERROR(__xludf.DUMMYFUNCTION("""COMPUTED_VALUE"""),45584.0) -> 45584 | X23: =IFERROR(__xludf.DUMMYFUNCTION("""COMPUTED_VALUE"""),45591.0) -> 45591 | Y23: =IFERROR(__xludf.DUMMYFUNCTION("""COMPUTED_VALUE"""),45612.0) -> 45612 | Z23: =IFERROR(__xludf.DUMMYFUNCTION("""COMPUTED_VALUE"""),"D34-2L") -> D34-2L | AA23: =IFERROR(__xludf.DUMMYFUNCTION("""COMPUTED_VALUE"""),203.0) -> 203 | AB23: =IFERROR(__xludf.DUMMYFUNCTION("""COMPUTED_VALUE"""),255.0) -> 255 | AC23: =IFERROR(__xludf.DUMMYFUNCTION("""COMPUTED_VALUE"""),27.0) -> 27 | AD23: =IFERROR(__xludf.DUMMYFUNCTION("""COMPUTED_VALUE"""),27.0) -> 27
A24: =IFERROR(__xludf.DUMMYFUNCTION("""COMPUTED_VALUE"""),"Y") -> Y | B24: =IFERROR(__xludf.DUMMYFUNCTION("""COMPUTED_VALUE"""),"2") -> 2 | C24: =IFERROR(__xludf.DUMMYFUNCTION("""COMPUTED_VALUE"""),"205-210") -> 205-210 | D24: =IFERROR(__xludf.DUMMYFUNCTION("""COMPUTED_VALUE"""),45584.0) -> 45584 | E24: =IFERROR(__xludf.DUMMYFUNCTION("""COMPUTED_VALUE"""),45591.0) -> 45591 | F24: =IFERROR(__xludf.DUMMYFUNCTION("""COMPUTED_VALUE"""),45612.0) -> 45612 | G24: =IFERROR(__xludf.DUMMYFUNCTION("""COMPUTED_VALUE"""),"D34-2L") -> D34-2L | H24: =IFERROR(__xludf.DUMMYFUNCTION("""COMPUTED_VALUE"""),203.0) -> 203 | I24: =IFERROR(__xludf.DUMMYFUNCTION("""COMPUTED_VALUE"""),255.0) -> 255 | J24: =IFERROR(__xludf.DUMMYFUNCTION("""COMPUTED_VALUE"""),27.0) -> 27 | K24: =IFERROR(__xludf.DUMMYFUNCTION("""COMPUTED_VALUE"""),27.0) -> 27 | T24: =IFERROR(__xludf.DUMMYFUNCTION("""COMPUTED_VALUE"""),"Y") -> Y | U24: =IFERROR(__xludf.DUMMYFUNCTION("""COMPUTED_VALUE"""),"2") -> 2 | V24: =IFERROR(__xludf.DUMMYFUNCTION("""COMPUTED_VALUE"""),"217-222") -> 217-222 | W24: =IFERROR(__xludf.DUMMYFUNCTION("""COMPUTED_VALUE"""),45585.0) -> 45585 | X24: =IFERROR(__xludf.DUMMYFUNCTION("""COMPUTED_VALUE"""),45592.0) -> 45592 | Y24: =IFERROR(__xludf.DUMMYFUNCTION("""COMPUTED_VALUE"""),45613.0) -> 45613 | Z24: =IFERROR(__xludf.DUMMYFUNCTION("""COMPUTED_VALUE"""),"D34-2L") -> D34-2L | AA24: =IFERROR(__xludf.DUMMYFUNCTION("""COMPUTED_VALUE"""),257.0) -> 257 | AB24: =IFERROR(__xludf.DUMMYFUNCTION("""COMPUTED_VALUE"""),299.0) -> 299 | AC24: =IFERROR(__xludf.DUMMYFUNCTION("""COMPUTED_VALUE"""),22.0) -> 22 | AD24: =IFERROR(__xludf.DUMMYFUNCTION("""COMPUTED_VALUE"""),22.0) -> 22
A25: =IFERROR(__xludf.DUMMYFUNCTION("""COMPUTED_VALUE"""),"Y") -> Y | B25: =IFERROR(__xludf.DUMMYFUNCTION("""COMPUTED_VALUE"""),"2") -> 2 | C25: =IFERROR(__xludf.DUMMYFUNCTION("""COMPUTED_VALUE"""),"217-222") -> 217-222 | D25: =IFERROR(__xludf.DUMMYFUNCTION("""COMPUTED_VALUE"""),45585.0) -> 45585 | E25: =IFERROR(__xludf.DUMMYFUNCTION("""COMPUTED_VALUE"""),45592.0) -> 45592 | F25: =IFERROR(__xludf.DUMMYFUNCTION("""COMPUTED_VALUE"""),45613.0) -> 45613 | G25: =IFERROR(__xludf.DUMMYFUNCTION("""COMPUTED_VALUE"""),"D34-2L") -> D34-2L | H25: =IFERROR(__xludf.DUMMYFUNCTION("""COMPUTED_VALUE"""),257.0) -> 257 | I25: =IFERROR(__xludf.DUMMYFUNCTION("""COMPUTED_VALUE"""),299.0) -> 299 | J25: =IFERROR(__xludf.DUMMYFUNCTION("""COMPUTED_VALUE"""),22.0) -> 22 | K25: =IFERROR(__xludf.DUMMYFUNCTION("""COMPUTED_VALUE"""),22.0) -> 22 | T25: =IFERROR(__xludf.DUMMYFUNCTION("""COMPUTED_VALUE"""),"Y") -> Y | U25: =IFERROR(__xludf.DUMMYFUNCTION("""COMPUTED_VALUE"""),"2") -> 2 | V25: =IFERROR(__xludf.DUMMYFUNCTION("""COMPUTED_VALUE"""),"217-222") -> 217-222 | W25: =IFERROR(__xludf.DUMMYFUNCTION("""COMPUTED_VALUE"""),45585.0) -> 45585 | X25: =IFERROR(__xludf.DUMMYFUNCTION("""COMPUTED_VALUE"""),45592.0) -> 45592 | Y25: =IFERROR(__xludf.DUMMYFUNCTION("""COMPUTED_VALUE"""),45613.0) -> 45613 | Z25: =IFERROR(__xludf.DUMMYFUNCTION("""COMPUTED_VALUE"""),"D34-2L") -> D34-2L | AE25: =IFERROR(__xludf.DUMMYFUNCTION("""COMPUTED_VALUE"""),106.0) -> 106 | AF25: =IFERROR(__xludf.DUMMYFUNCTION("""COMPUTED_VALUE"""),254.0) -> 254 | AG25: =IFERROR(__xludf.DUMMYFUNCTION("""COMPUTED_VALUE"""),75.0) -> 75 | AH25: =IFERROR(__xludf.DUMMYFUNCTION("""COMPUTED_VALUE"""),75.0) -> 75
A26: =IFERROR(__xludf.DUMMYFUNCTION("""COMPUTED_VALUE"""),"Y") -> Y | B26: =IFERROR(__xludf.DUMMYFUNCTION("""COMPUTED_VALUE"""),"2") -> 2 | C26: =IFERROR(__xludf.DUMMYFUNCTION("""COMPUTED_VALUE"""),"217-222") -> 217-222 | D26: =IFERROR(__xludf.DUMMYFUNCTION("""COMPUTED_VALUE"""),45585.0) -> 45585 | E26: =IFERROR(__xludf.DUMMYFUNCTION("""COMPUTED_VALUE"""),45592.0) -> 45592 | F26: =IFERROR(__xludf.DUMMYFUNCTION("""COMPUTED_VALUE"""),45613.0) -> 45613 | G26: =IFERROR(__xludf.DUMMYFUNCTION("""COMPUTED_VALUE"""),"D34-2L") -> D34-2L | L26: =IFERROR(__xludf.DUMMYFUNCTION("""COMPUTED_VALUE"""),106.0) -> 106 | M26: =IFERROR(__xludf.DUMMYFUNCTION("""COMPUTED_VALUE"""),254.0) -> 254 | N26: =IFERROR(__xludf.DUMMYFUNCTION("""COMPUTED_VALUE"""),75.0) -> 75 | O26: =IFERROR(__xludf.DUMMYFUNCTION("""COMPUTED_VALUE"""),75.0) -> 75 | T26: =IFERROR(__xludf.DUMMYFUNCTION("""COMPUTED_VALUE"""),"Y") -> Y | U26: =IFERROR(__xludf.DUMMYFUNCTION("""COMPUTED_VALUE"""),"2") -> 2 | V26: =IFERROR(__xludf.DUMMYFUNCTION("""COMPUTED_VALUE"""),"229-234") -> 229-234 | W26: =IFERROR(__xludf.DUMMYFUNCTION("""COMPUTED_VALUE"""),45586.0) -> 45586 | X26: =IFERROR(__xludf.DUMMYFUNCTION("""COMPUTED_VALUE"""),45593.0) -> 45593 | Y26: =IFERROR(__xludf.DUMMYFUNCTION("""COMPUTED_VALUE"""),45614.0) -> 45614 | Z26: =IFERROR(__xludf.DUMMYFUNCTION("""COMPUTED_VALUE"""),"D34-2R") -> D34-2R | AA26: =IFERROR(__xludf.DUMMYFUNCTION("""COMPUTED_VALUE"""),1.0) -> 1 | AB26: =IFERROR(__xludf.DUMMYFUNCTION("""COMPUTED_VALUE"""),201.0) -> 201 | AC26: =IFERROR(__xludf.DUMMYFUNCTION("""COMPUTED_VALUE"""),101.0) -> 101 | AD26: =IFERROR(__xludf.DUMMYFUNCTION("""COMPUTED_VALUE"""),101.0) -> 101
A27: =IFERROR(__xludf.DUMMYFUNCTION("""COMPUTED_VALUE"""),"Y") -> Y | B27: =IFERROR(__xludf.DUMMYFUNCTION("""COMPUTED_VALUE"""),"2") -> 2 | C27: =IFERROR(__xludf.DUMMYFUNCTION("""COMPUTED_VALUE"""),"229-234") -> 229-234 | D27: =IFERROR(__xludf.DUMMYFUNCTION("""COMPUTED_VALUE"""),45586.0) -> 45586 | E27: =IFERROR(__xludf.DUMMYFUNCTION("""COMPUTED_VALUE"""),45593.0) -> 45593 | F27: =IFERROR(__xludf.DUMMYFUNCTION("""COMPUTED_VALUE"""),45614.0) -> 45614 | G27: =IFERROR(__xludf.DUMMYFUNCTION("""COMPUTED_VALUE"""),"D34-2R") -> D34-2R | H27: =IFERROR(__xludf.DUMMYFUNCTION("""COMPUTED_VALUE"""),1.0) -> 1 | I27: =IFERROR(__xludf.DUMMYFUNCTION("""COMPUTED_VALUE"""),201.0) -> 201 | J27: =IFERROR(__xludf.DUMMYFUNCTION("""COMPUTED_VALUE"""),101.0) -> 101 | K27: =IFERROR(__xludf.DUMMYFUNCTION("""COMPUTED_VALUE"""),101.0) -> 101 | T27: =IFERROR(__xludf.DUMMYFUNCTION("""COMPUTED_VALUE"""),"Y") -> Y | U27: =IFERROR(__xludf.DUMMYFUNCTION("""COMPUTED_VALUE"""),"2") -> 2 | V27: =IFERROR(__xludf.DUMMYFUNCTION("""COMPUTED_VALUE"""),"241-246") -> 241-246 | W27: =IFERROR(__xludf.DUMMYFUNCTION("""COMPUTED_VALUE"""),45587.0) -> 45587 | X27: =IFERROR(__xludf.DUMMYFUNCTION("""COMPUTED_VALUE"""),45594.0) -> 45594 | Y27: =IFERROR(__xludf.DUMMYFUNCTION("""COMPUTED_VALUE"""),45615.0) -> 45615 | Z27: =IFERROR(__xludf.DUMMYFUNCTION("""COMPUTED_VALUE"""),"D34-2R") -> D34-2R | AE27: =IFERROR(__xludf.DUMMYFUNCTION("""COMPUTED_VALUE"""),2.0) -> 2 | AF27: =IFERROR(__xludf.DUMMYFUNCTION("""COMPUTED_VALUE"""),160.0) -> 160 | AG27: =IFERROR(__xludf.DUMMYFUNCTION("""COMPUTED_VALUE"""),80.0) -> 80 | AH27: =IFERROR(__xludf.DUMMYFUNCTION("""COMPUTED_VALUE"""),80.0) -> 80
A28: =IFERROR(__xludf.DUMMYFUNCTION("""COMPUTED_VALUE"""),"Y") -> Y | B28: =IFERROR(__xludf.DUMMYFUNCTION("""COMPUTED_VALUE"""),"2") -> 2 | C28: =IFERROR(__xludf.DUMMYFUNCTION("""COMPUTED_VALUE"""),"241-246") -> 241-246 | D28: =IFERROR(__xludf.DUMMYFUNCTION("""COMPUTED_VALUE"""),45587.0) -> 45587 | E28: =IFERROR(__xludf.DUMMYFUNCTION("""COMPUTED_VALUE"""),45594.0) -> 45594 | F28: =IFERROR(__xludf.DUMMYFUNCTION("""COMPUTED_VALUE"""),45615.0) -> 45615 | G28: =IFERROR(__xludf.DUMMYFUNCTION("""COMPUTED_VALUE"""),"D34-2R") -> D34-2R | L28: =IFERROR(__xludf.DUMMYFUNCTION("""COMPUTED_VALUE"""),2.0) -> 2 | M28: =IFERROR(__xludf.DUMMYFUNCTION("""COMPUTED_VALUE"""),160.0) -> 160 | N28: =IFERROR(__xludf.DUMMYFUNCTION("""COMPUTED_VALUE"""),80.0) -> 80 | O28: =IFERROR(__xludf.DUMMYFUNCTION("""COMPUTED_VALUE"""),80.0) -> 80 | T28: =IFERROR(__xludf.DUMMYFUNCTION("""COMPUTED_VALUE"""),"Y") -> Y | U28: =IFERROR(__xludf.DUMMYFUNCTION("""COMPUTED_VALUE"""),"2") -> 2 | V28: =IFERROR(__xludf.DUMMYFUNCTION("""COMPUTED_VALUE"""),"241-246") -> 241-246 | W28: =IFERROR(__xludf.DUMMYFUNCTION("""COMPUTED_VALUE"""),45587.0) -> 45587 | X28: =IFERROR(__xludf.DUMMYFUNCTION("""COMPUTED_VALUE"""),45594.0) -> 45594 | Y28: =IFERROR(__xludf.DUMMYFUNCTION("""COMPUTED_VALUE"""),45615.0) -> 45615 | Z28: =IFERROR(__xludf.DUMMYFUNCTION("""COMPUTED_VALUE"""),"D34-2L") -> D34-2L | AE28: =IFERROR(__xludf.DUMMYFUNCTION("""COMPUTED_VALUE"""),256.0) -> 256 | AF28: =IFERROR(__xludf.DUMMYFUNCTION("""COMPUTED_VALUE"""),298.0) -> 298 | AG28: =IFERROR(__xludf.DUMMYFUNCTION("""COMPUTED_VALUE"""),22.0) -> 22 | AH28: =IFERROR(__xludf.DUMMYFUNCTION("""COMPUTED_VALUE"""),22.0) -> 22
A29: =IFERROR(__xludf.DUMMYFUNCTION("""COMPUTED_VALUE"""),"Y") -> Y | B29: =IFERROR(__xludf.DUMMYFUNCTION("""COMPUTED_VALUE"""),"2") -> 2 | C29: =IFERROR(__xludf.DUMMYFUNCTION("""COMPUTED_VALUE"""),"241-246") -> 241-246 | D29: =IFERROR(__xludf.DUMMYFUNCTION("""COMPUTED_VALUE"""),45587.0) -> 45587 | E29: =IFERROR(__xludf.DUMMYFUNCTION("""COMPUTED_VALUE"""),45594.0) -> 45594 | F29: =IFERROR(__xludf.DUMMYFUNCTION("""COMPUTED_VALUE"""),45615.0) -> 45615 | G29: =IFERROR(__xludf.DUMMYFUNCTION("""COMPUTED_VALUE"""),"D34-2L") -> D34-2L | L29: =IFERROR(__xludf.DUMMYFUNCTION("""COMPUTED_VALUE"""),256.0) -> 256 | M29: =IFERROR(__xludf.DUMMYFUNCTION("""COMPUTED_VALUE"""),298.0) -> 298 | N29: =IFERROR(__xludf.DUMMYFUNCTION("""COMPUTED_VALUE"""),22.0) -> 22 | O29: =IFERROR(__xludf.DUMMYFUNCTION("""COMPUTED_VALUE"""),22.0) -> 22 | T29: =IFERROR(__xludf.DUMMYFUNCTION("""COMPUTED_VALUE"""),"Y") -> Y | U29: =IFERROR(__xludf.DUMMYFUNCTION("""COMPUTED_VALUE"""),"2") -> 2 | V29: =IFERROR(__xludf.DUMMYFUNCTION("""COMPUTED_VALUE"""),"253-258") -> 253-258 | W29: =IFERROR(__xludf.DUMMYFUNCTION("""COMPUTED_VALUE"""),45588.0) -> 45588 | X29: =IFERROR(__xludf.DUMMYFUNCTION("""COMPUTED_VALUE"""),45595.0) -> 45595 | Y29: =IFERROR(__xludf.DUMMYFUNCTION("""COMPUTED_VALUE"""),45616.0) -> 45616 | Z29: =IFERROR(__xludf.DUMMYFUNCTION("""COMPUTED_VALUE"""),"D34-1L") -> D34-1L | AE29: =IFERROR(__xludf.DUMMYFUNCTION("""COMPUTED_VALUE"""),182.0) -> 182 | AF29: =IFERROR(__xludf.DUMMYFUNCTION("""COMPUTED_VALUE"""),266.0) -> 266 | AG29: =IFERROR(__xludf.DUMMYFUNCTION("""COMPUTED_VALUE"""),43.0) -> 43 | AH29: =IFERROR(__xludf.DUMMYFUNCTION("""COMPUTED_VALUE"""),43.0) -> 43
A30: =IFERROR(__xludf.DUMMYFUNCTION("""COMPUTED_VALUE"""),"Y") -> Y | B30: =IFERROR(__xludf.DUMMYFUNCTION("""COMPUTED_VALUE"""),"2") -> 2 | C30: =IFERROR(__xludf.DUMMYFUNCTION("""COMPUTED_VALUE"""),"253-258") -> 253-258 | D30: =IFERROR(__xludf.DUMMYFUNCTION("""COMPUTED_VALUE"""),45588.0) -> 45588 | E30: =IFERROR(__xludf.DUMMYFUNCTION("""COMPUTED_VALUE"""),45595.0) -> 45595 | F30: =IFERROR(__xludf.DUMMYFUNCTION("""COMPUTED_VALUE"""),45616.0) -> 45616 | G30: =IFERROR(__xludf.DUMMYFUNCTION("""COMPUTED_VALUE"""),"D34-1L") -> D34-1L | L30: =IFERROR(__xludf.DUMMYFUNCTION("""COMPUTED_VALUE"""),182.0) -> 182 | M30: =IFERROR(__xludf.DUMMYFUNCTION("""COMPUTED_VALUE"""),266.0) -> 266 | N30: =IFERROR(__xludf.DUMMYFUNCTION("""COMPUTED_VALUE"""),43.0) -> 43 | O30: =IFERROR(__xludf.DUMMYFUNCTION("""COMPUTED_VALUE"""),43.0) -> 43 | T30: =IFERROR(__xludf.DUMMYFUNCTION("""COMPUTED_VALUE"""),"Y") -> Y | U30: =IFERROR(__xludf.DUMMYFUNCTION("""COMPUTED_VALUE"""),"2") -> 2 | V30: =IFERROR(__xludf.DUMMYFUNCTION("""COMPUTED_VALUE"""),"253-258") -> 253-258 | W30: =IFERROR(__xludf.DUMMYFUNCTION("""COMPUTED_VALUE"""),45588.0) -> 45588 | X30: =IFERROR(__xludf.DUMMYFUNCTION("""COMPUTED_VALUE"""),45595.0) -> 45595 | Y30: =IFERROR(__xludf.DUMMYFUNCTION("""COMPUTED_VALUE"""),45616.0) -> 45616 | Z30: =IFERROR(__xludf.DUMMYFUNCTION("""COMPUTED_VALUE"""),"D34-1R") -> D34-1R | AA30: =IFERROR(__xludf.DUMMYFUNCTION("""COMPUTED_VALUE"""),1.0) -> 1 | AB30: =IFERROR(__xludf.DUMMYFUNCTION("""COMPUTED_VALUE"""),77.0) -> 77 | AC30: =IFERROR(__xludf.DUMMYFUNCTION("""COMPUTED_VALUE"""),39.0) -> 39 | AD30: =IFERROR(__xludf.DUMMYFUNCTION("""COMPUTED_VALUE"""),39.0) -> 39
A31: =IFERROR(__xludf.DUMMYFUNCTION("""COMPUTED_VALUE"""),"Y") -> Y | B31: =IFERROR(__xludf.DUMMYFUNCTION("""COMPUTED_VALUE"""),"2") -> 2 | C31: =IFERROR(__xludf.DUMMYFUNCTION("""COMPUTED_VALUE"""),"253-258") -> 253-258 | D31: =IFERROR(__xludf.DUMMYFUNCTION("""COMPUTED_VALUE"""),45588.0) -> 45588 | E31: =IFERROR(__xludf.DUMMYFUNCTION("""COMPUTED_VALUE"""),45595.0) -> 45595 | F31: =IFERROR(__xludf.DUMMYFUNCTION("""COMPUTED_VALUE"""),45616.0) -> 45616 | G31: =IFERROR(__xludf.DUMMYFUNCTION("""COMPUTED_VALUE"""),"D34-1R") -> D34-1R | H31: =IFERROR(__xludf.DUMMYFUNCTION("""COMPUTED_VALUE"""),1.0) -> 1 | I31: =IFERROR(__xludf.DUMMYFUNCTION("""COMPUTED_VALUE"""),77.0) -> 77 | J31: =IFERROR(__xludf.DUMMYFUNCTION("""COMPUTED_VALUE"""),39.0) -> 39 | K31: =IFERROR(__xludf.DUMMYFUNCTION("""COMPUTED_VALUE"""),39.0) -> 39 | T31: =IFERROR(__xludf.DUMMYFUNCTION("""COMPUTED_VALUE"""),"Y") -> Y | U31: =IFERROR(__xludf.DUMMYFUNCTION("""COMPUTED_VALUE"""),"2") -> 2 | V31: =IFERROR(__xludf.DUMMYFUNCTION("""COMPUTED_VALUE"""),"265-270") -> 265-270 | W31: =IFERROR(__xludf.DUMMYFUNCTION("""COMPUTED_VALUE"""),45589.0) -> 45589 | X31: =IFERROR(__xludf.DUMMYFUNCTION("""COMPUTED_VALUE"""),45596.0) -> 45596 | Y31: =IFERROR(__xludf.DUMMYFUNCTION("""COMPUTED_VALUE"""),45617.0) -> 45617 | Z31: =IFERROR(__xludf.DUMMYFUNCTION("""COMPUTED_VALUE"""),"D34-1R") -> D34-1R | AA31: =IFERROR(__xludf.DUMMYFUNCTION("""COMPUTED_VALUE"""),79.0) -> 79 | AB31: =IFERROR(__xludf.DUMMYFUNCTION("""COMPUTED_VALUE"""),159.0) -> 159 | AC31: =IFERROR(__xludf.DUMMYFUNCTION("""COMPUTED_VALUE"""),41.0) -> 41 | AD31: =IFERROR(__xludf.DUMMYFUNCTION("""COMPUTED_VALUE"""),41.0) -> 41
A32: =IFERROR(__xludf.DUMMYFUNCTION("""COMPUTED_VALUE"""),"Y") -> Y | B32: =IFERROR(__xludf.DUMMYFUNCTION("""COMPUTED_VALUE"""),"2") -> 2 | C32: =IFERROR(__xludf.DUMMYFUNCTION("""COMPUTED_VALUE"""),"265-270") -> 265-270 | D32: =IFERROR(__xludf.DUMMYFUNCTION("""COMPUTED_VALUE"""),45589.0) -> 45589 | E32: =IFERROR(__xludf.DUMMYFUNCTION("""COMPUTED_VALUE"""),45596.0) -> 45596 | F32: =IFERROR(__xludf.DUMMYFUNCTION("""COMPUTED_VALUE"""),45617.0) -> 45617 | G32: =IFERROR(__xludf.DUMMYFUNCTION("""COMPUTED_VALUE"""),"D34-1R") -> D34-1R | H32: =IFERROR(__xludf.DUMMYFUNCTION("""COMPUTED_VALUE"""),79.0) -> 79 | I32: =IFERROR(__xludf.DUMMYFUNCTION("""COMPUTED_VALUE"""),159.0) -> 159 | J32: =IFERROR(__xludf.DUMMYFUNCTION("""COMPUTED_VALUE"""),41.0) -> 41 | K32: =IFERROR(__xludf.DUMMYFUNCTION("""COMPUTED_VALUE"""),41.0) -> 41 | T32: =IFERROR(__xludf.DUMMYFUNCTION("""COMPUTED_VALUE"""),"Y") -> Y | U32: =IFERROR(__xludf.DUMMYFUNCTION("""COMPUTED_VALUE"""),"2") -> 2 | V32: =IFERROR(__xludf.DUMMYFUNCTION("""COMPUTED_VALUE"""),"265-270") -> 265-270 | W32: =IFERROR(__xludf.DUMMYFUNCTION("""COMPUTED_VALUE"""),45589.0) -> 45589 | X32: =IFERROR(__xludf.DUMMYFUNCTION("""COMPUTED_VALUE"""),45596.0) -> 45596 | Y32: =IFERROR(__xludf.DUMMYFUNCTION("""COMPUTED_VALUE"""),45617.0) -> 45617 | Z32: =IFERROR(__xludf.DUMMYFUNCTION("""COMPUTED_VALUE"""),"D34-2R") -> D34-2R | AA32: =IFERROR(__xludf.DUMMYFUNCTION("""COMPUTED_VALUE"""),211.0) -> 211 | AB32: =IFERROR(__xludf.DUMMYFUNCTION("""COMPUTED_VALUE"""),293.0) -> 293 | AC32: =IFERROR(__xludf.DUMMYFUNCTION("""COMPUTED_VALUE"""),42.0) -> 42 | AD32: =IFERROR(__xludf.DUMMYFUNCTION("""COMPUTED_VALUE"""),42.0) -> 42
A33: =IFERROR(__xludf.DUMMYFUNCTION("""COMPUTED_VALUE"""),"Y") -> Y | B33: =IFERROR(__xludf.DUMMYFUNCTION("""COMPUTED_VALUE"""),"2") -> 2 | C33: =IFERROR(__xludf.DUMMYFUNCTION("""COMPUTED_VALUE"""),"265-270") -> 265-270 | D33: =IFERROR(__xludf.DUMMYFUNCTION("""COMPUTED_VALUE"""),45589.0) -> 45589 | E33: =IFERROR(__xludf.DUMMYFUNCTION("""COMPUTED_VALUE"""),45596.0) -> 45596 | F33: =IFERROR(__xludf.DUMMYFUNCTION("""COMPUTED_VALUE"""),45617.0) -> 45617 | G33: =IFERROR(__xludf.DUMMYFUNCTION("""COMPUTED_VALUE"""),"D34-2R") -> D34-2R | H33: =IFERROR(__xludf.DUMMYFUNCTION("""COMPUTED_VALUE"""),211.0) -> 211 | I33: =IFERROR(__xludf.DUMMYFUNCTION("""COMPUTED_VALUE"""),293.0) -> 293 | J33: =IFERROR(__xludf.DUMMYFUNCTION("""COMPUTED_VALUE"""),42.0) -> 42 | K33: =IFERROR(__xludf.DUMMYFUNCTION("""COMPUTED_VALUE"""),42.0) -> 42 | T33: =IFERROR(__xludf.DUMMYFUNCTION("""COMPUTED_VALUE"""),"Y") -> Y | U33: =IFERROR(__xludf.DUMMYFUNCTION("""COMPUTED_VALUE"""),"2") -> 2 | V33: =IFERROR(__xludf.DUMMYFUNCTION("""COMPUTED_VALUE"""),"277-282") -> 277-282 | W33: =IFERROR(__xludf.DUMMYFUNCTION("""COMPUTED_VALUE"""),45592.0) -> 45592 | X33: =IFERROR(__xludf.DUMMYFUNCTION("""COMPUTED_VALUE"""),45599.0) -> 45599 | Y33: =IFERROR(__xludf.DUMMYFUNCTION("""COMPUTED_VALUE"""),45620.0) -> 45620 | Z33: =IFERROR(__xludf.DUMMYFUNCTION("""COMPUTED_VALUE"""),"D34-1R") -> D34-1R | AE33: =IFERROR(__xludf.DUMMYFUNCTION("""COMPUTED_VALUE"""),2.0) -> 2 | AF33: =IFERROR(__xludf.DUMMYFUNCTION("""COMPUTED_VALUE"""),58.0) -> 58 | AG33: =IFERROR(__xludf.DUMMYFUNCTION("""COMPUTED_VALUE"""),29.0) -> 29 | AH33: =IFERROR(__xludf.DUMMYFUNCTION("""COMPUTED_VALUE"""),29.0) -> 29
A34: =IFERROR(__xludf.DUMMYFUNCTION("""COMPUTED_VALUE"""),"Y") -> Y | B34: =IFERROR(__xludf.DUMMYFUNCTION("""COMPUTED_VALUE"""),"2") -> 2 | C34: =IFERROR(__xludf.DUMMYFUNCTION("""COMPUTED_VALUE"""),"277-282") -> 277-282 | D34: =IFERROR(__xludf.DUMMYFUNCTION("""COMPUTED_VALUE"""),45592.0) -> 45592 | E34: =IFERROR(__xludf.DUMMYFUNCTION("""COMPUTED_VALUE"""),45599.0) -> 45599 | F34: =IFERROR(__xludf.DUMMYFUNCTION("""COMPUTED_VALUE"""),45620.0) -> 45620 | G34: =IFERROR(__xludf.DUMMYFUNCTION("""COMPUTED_VALUE"""),"D34-1R") -> D34-1R | L34: =IFERROR(__xludf.DUMMYFUNCTION("""COMPUTED_VALUE"""),2.0) -> 2 | M34: =IFERROR(__xludf.DUMMYFUNCTION("""COMPUTED_VALUE"""),58.0) -> 58 | N34: =IFERROR(__xludf.DUMMYFUNCTION("""COMPUTED_VALUE"""),29.0) -> 29 | O34: =IFERROR(__xludf.DUMMYFUNCTION("""COMPUTED_VALUE"""),29.0) -> 29 | T34: =IFERROR(__xludf.DUMMYFUNCTION("""COMPUTED_VALUE"""),"Y") -> Y | U34: =IFERROR(__xludf.DUMMYFUNCTION("""COMPUTED_VALUE"""),"2") -> 2 | V34: =IFERROR(__xludf.DUMMYFUNCTION("""COMPUTED_VALUE"""),"277-282") -> 277-282 | W34: =IFERROR(__xludf.DUMMYFUNCTION("""COMPUTED_VALUE"""),45592.0) -> 45592 | X34: =IFERROR(__xludf.DUMMYFUNCTION("""COMPUTED_VALUE"""),45599.0) -> 45599 | Y34: =IFERROR(__xludf.DUMMYFUNCTION("""COMPUTED_VALUE"""),45620.0) -> 45620 | Z34: =IFERROR(__xludf.DUMMYFUNCTION("""COMPUTED_VALUE"""),"D34-1R") -> D34-1R | AA34: =IFERROR(__xludf.DUMMYFUNCTION("""COMPUTED_VALUE"""),161.0) -> 161 | AB34: =IFERROR(__xludf.DUMMYFUNCTION("""COMPUTED_VALUE"""),229.0) -> 229 | AC34: =IFERROR(__xludf.DUMMYFUNCTION("""COMPUTED_VALUE"""),35.0) -> 35 | AD34: =IFERROR(__xludf.DUMMYFUNCTION("""COMPUTED_VALUE"""),35.0) -> 35
A35: =IFERROR(__xludf.DUMMYFUNCTION("""COMPUTED_VALUE"""),"Y") -> Y | B35: =IFERROR(__xludf.DUMMYFUNCTION("""COMPUTED_VALUE"""),"2") -> 2 | C35: =IFERROR(__xludf.DUMMYFUNCTION("""COMPUTED_VALUE"""),"277-282") -> 277-282 | D35: =IFERROR(__xludf.DUMMYFUNCTION("""COMPUTED_VALUE"""),45592.0) -> 45592 | E35: =IFERROR(__xludf.DUMMYFUNCTION("""COMPUTED_VALUE"""),45599.0) -> 45599 | F35: =IFERROR(__xludf.DUMMYFUNCTION("""COMPUTED_VALUE"""),45620.0) -> 45620 | G35: =IFERROR(__xludf.DUMMYFUNCTION("""COMPUTED_VALUE"""),"D34-1R") -> D34-1R | H35: =IFERROR(__xludf.DUMMYFUNCTION("""COMPUTED_VALUE"""),161.0) -> 161 | I35: =IFERROR(__xludf.DUMMYFUNCTION("""COMPUTED_VALUE"""),229.0) -> 229 | J35: =IFERROR(__xludf.DUMMYFUNCTION("""COMPUTED_VALUE"""),35.0) -> 35 | K35: =IFERROR(__xludf.DUMMYFUNCTION("""COMPUTED_VALUE"""),35.0) -> 35 | T35: =IFERROR(__xludf.DUMMYFUNCTION("""COMPUTED_VALUE"""),"Y") -> Y | U35: =IFERROR(__xludf.DUMMYFUNCTION("""COMPUTED_VALUE"""),"2") -> 2 | V35: =IFERROR(__xludf.DUMMYFUNCTION("""COMPUTED_VALUE"""),"277-282") -> 277-282 | W35: =IFERROR(__xludf.DUMMYFUNCTION("""COMPUTED_VALUE"""),45592.0) -> 45592 | X35: =IFERROR(__xludf.DUMMYFUNCTION("""COMPUTED_VALUE"""),45599.0) -> 45599 | Y35: =IFERROR(__xludf.DUMMYFUNCTION("""COMPUTED_VALUE"""),45620.0) -> 45620 | Z35: =IFERROR(__xludf.DUMMYFUNCTION("""COMPUTED_VALUE"""),"D34-1R") -> D34-1R | AA35: =IFERROR(__xludf.DUMMYFUNCTION("""COMPUTED_VALUE"""),243.0) -> 243 | AB35: =IFERROR(__xludf.DUMMYFUNCTION("""COMPUTED_VALUE"""),275.0) -> 275 | AC35: =IFERROR(__xludf.DUMMYFUNCTION("""COMPUTED_VALUE"""),17.0) -> 17 | AD35: =IFERROR(__xludf.DUMMYFUNCTION("""COMPUTED_VALUE"""),17.0) -> 17
A36: =IFERROR(__xludf.DUMMYFUNCTION("""COMPUTED_VALUE"""),"Y") -> Y | B36: =IFERROR(__xludf.DUMMYFUNCTION("""COMPUTED_VALUE"""),"2") -> 2 | C36: =IFERROR(__xludf.DUMMYFUNCTION("""COMPUTED_VALUE"""),"277-282") -> 277-282 | D36: =IFERROR(__xludf.DUMMYFUNCTION("""COMPUTED_VALUE"""),45592.0) -> 45592 | E36: =IFERROR(__xludf.DUMMYFUNCTION("""COMPUTED_VALUE"""),45599.0) -> 45599 | F36: =IFERROR(__xludf.DUMMYFUNCTION("""COMPUTED_VALUE"""),45620.0) -> 45620 | G36: =IFERROR(__xludf.DUMMYFUNCTION("""COMPUTED_VALUE"""),"D34-1R") -> D34-1R | H36: =IFERROR(__xludf.DUMMYFUNCTION("""COMPUTED_VALUE"""),243.0) -> 243 | I36: =IFERROR(__xludf.DUMMYFUNCTION("""COMPUTED_VALUE"""),275.0) -> 275 | J36: =IFERROR(__xludf.DUMMYFUNCTION("""COMPUTED_VALUE"""),17.0) -> 17 | K36: =IFERROR(__xludf.DUMMYFUNCTION("""COMPUTED_VALUE"""),17.0) -> 17 | T36: =IFERROR(__xludf.DUMMYFUNCTION("""COMPUTED_VALUE"""),"Y") -> Y | U36: =IFERROR(__xludf.DUMMYFUNCTION("""COMPUTED_VALUE"""),"2") -> 2 | V36: =IFERROR(__xludf.DUMMYFUNCTION("""COMPUTED_VALUE"""),"283-288") -> 283-288 | W36: =IFERROR(__xludf.DUMMYFUNCTION("""COMPUTED_VALUE"""),45593.0) -> 45593 | X36: =IFERROR(__xludf.DUMMYFUNCTION("""COMPUTED_VALUE"""),45600.0) -> 45600 | Y36: =IFERROR(__xludf.DUMMYFUNCTION("""COMPUTED_VALUE"""),45621.0) -> 45621 | Z36: =IFERROR(__xludf.DUMMYFUNCTION("""COMPUTED_VALUE"""),"D34-1R") -> D34-1R | AA36: =IFERROR(__xludf.DUMMYFUNCTION("""COMPUTED_VALUE"""),277.0) -> 277 | AB36: =IFERROR(__xludf.DUMMYFUNCTION("""COMPUTED_VALUE"""),291.0) -> 291 | AC36: =IFERROR(__xludf.DUMMYFUNCTION("""COMPUTED_VALUE"""),8.0) -> 8 | AD36: =IFERROR(__xludf.DUMMYFUNCTION("""COMPUTED_VALUE"""),8.0) -> 8 | AE36: =IFERROR(__xludf.DUMMYFUNCTION("""COMPUTED_VALUE"""),60.0) -> 60 | AF36: =IFERROR(__xludf.DUMMYFUNCTION("""COMPUTED_VALUE"""),268.0) -> 268 | AG36: =IFERROR(__xludf.DUMMYFUNCTION("""COMPUTED_VALUE"""),105.0) -> 105 | AH36: =IFERROR(__xludf.DUMMYFUNCTION("""COMPUTED_VALUE"""),105.0) -> 105
A37: =IFERROR(__xludf.DUMMYFUNCTION("""COMPUTED_VALUE"""),"Y") -> Y | B37: =IFERROR(__xludf.DUMMYFUNCTION("""COMPUTED_VALUE"""),"2") -> 2 | C37: =IFERROR(__xludf.DUMMYFUNCTION("""COMPUTED_VALUE"""),"283-288") -> 283-288 | D37: =IFERROR(__xludf.DUMMYFUNCTION("""COMPUTED_VALUE"""),45593.0) -> 45593 | E37: =IFERROR(__xludf.DUMMYFUNCTION("""COMPUTED_VALUE"""),45600.0) -> 45600 | F37: =IFERROR(__xludf.DUMMYFUNCTION("""COMPUTED_VALUE"""),45621.0) -> 45621 | G37: =IFERROR(__xludf.DUMMYFUNCTION("""COMPUTED_VALUE"""),"D34-1R") -> D34-1R | H37: =IFERROR(__xludf.DUMMYFUNCTION("""COMPUTED_VALUE"""),277.0) -> 277 | I37: =IFERROR(__xludf.DUMMYFUNCTION("""COMPUTED_VALUE"""),291.0) -> 291 | J37: =IFERROR(__xludf.DUMMYFUNCTION("""COMPUTED_VALUE"""),8.0) -> 8 | K37: =IFERROR(__xludf.DUMMYFUNCTION("""COMPUTED_VALUE"""),8.0) -> 8 | L37: =IFERROR(__xludf.DUMMYFUNCTION("""COMPUTED_VALUE"""),60.0) -> 60 | M37: =IFERROR(__xludf.DUMMYFUNCTION("""COMPUTED_VALUE"""),268.0) -> 268 | N37: =IFERROR(__xludf.DUMMYFUNCTION("""COMPUTED_VALUE"""),105.0) -> 105 | O37: =IFERROR(__xludf.DUMMYFUNCTION("""COMPUTED_VALUE"""),105.0) -> 105 | T37: =IFERROR(__xludf.DUMMYFUNCTION("""COMPUTED_VALUE"""),"Y") -> Y | U37: =IFERROR(__xludf.DUMMYFUNCTION("""COMPUTED_VALUE"""),"2") -> 2 | V37: =IFERROR(__xludf.DUMMYFUNCTION("""COMPUTED_VALUE"""),"289-294") -> 289-294 | W37: =IFERROR(__xludf.DUMMYFUNCTION("""COMPUTED_VALUE"""),45594.0) -> 45594 | X37: =IFERROR(__xludf.DUMMYFUNCTION("""COMPUTED_VALUE"""),45601.0) -> 45601 | Y37: =IFERROR(__xludf.DUMMYFUNCTION("""COMPUTED_VALUE"""),45622.0) -> 45622 | Z37: =IFERROR(__xludf.DUMMYFUNCTION("""COMPUTED_VALUE"""),"D34-3R") -> D34-3R | AA37: =IFERROR(__xludf.DUMMYFUNCTION("""COMPUTED_VALUE"""),9.0) -> 9 | AB37: =IFERROR(__xludf.DUMMYFUNCTION("""COMPUTED_VALUE"""),95.0) -> 95 | AC37: =IFERROR(__xludf.DUMMYFUNCTION("""COMPUTED_VALUE"""),44.0) -> 44 | AD37: =IFERROR(__xludf.DUMMYFUNCTION("""COMPUTED_VALUE"""),44.0) -> 44
A38: =IFERROR(__xludf.DUMMYFUNCTION("""COMPUTED_VALUE"""),"Y") -> Y | B38: =IFERROR(__xludf.DUMMYFUNCTION("""COMPUTED_VALUE"""),"2") -> 2 | C38: =IFERROR(__xludf.DUMMYFUNCTION("""COMPUTED_VALUE"""),"289-294") -> 289-294 | D38: =IFERROR(__xludf.DUMMYFUNCTION("""COMPUTED_VALUE"""),45594.0) -> 45594 | E38: =IFERROR(__xludf.DUMMYFUNCTION("""COMPUTED_VALUE"""),45601.0) -> 45601 | F38: =IFERROR(__xludf.DUMMYFUNCTION("""COMPUTED_VALUE"""),45622.0) -> 45622 | G38: =IFERROR(__xludf.DUMMYFUNCTION("""COMPUTED_VALUE"""),"D34-3R") -> D34-3R | H38: =IFERROR(__xludf.DUMMYFUNCTION("""COMPUTED_VALUE"""),9.0) -> 9 | I38: =IFERROR(__xludf.DUMMYFUNCTION("""COMPUTED_VALUE"""),95.0) -> 95 | J38: =IFERROR(__xludf.DUMMYFUNCTION("""COMPUTED_VALUE"""),44.0) -> 44 | K38: =IFERROR(__xludf.DUMMYFUNCTION("""COMPUTED_VALUE"""),44.0) -> 44 | T38: =IFERROR(__xludf.DUMMYFUNCTION("""COMPUTED_VALUE"""),"Y") -> Y | U38: =IFERROR(__xludf.DUMMYFUNCTION("""COMPUTED_VALUE"""),"2") -> 2 | V38: =IFERROR(__xludf.DUMMYFUNCTION("""COMPUTED_VALUE"""),"289-294") -> 289-294 | W38: =IFERROR(__xludf.DUMMYFUNCTION("""COMPUTED_VALUE"""),45594.0) -> 45594 | X38: =IFERROR(__xludf.DUMMYFUNCTION("""COMPUTED_VALUE"""),45601.0) -> 45601 | Y38: =IFERROR(__xludf.DUMMYFUNCTION("""COMPUTED_VALUE"""),45622.0) -> 45622 | Z38: =IFERROR(__xludf.DUMMYFUNCTION("""COMPUTED_VALUE"""),"D34-2R") -> D34-2R | AA38: =IFERROR(__xludf.DUMMYFUNCTION("""COMPUTED_VALUE"""),295.0) -> 295 | AB38: =IFERROR(__xludf.DUMMYFUNCTION("""COMPUTED_VALUE"""),297.0) -> 297 | AC38: =IFERROR(__xludf.DUMMYFUNCTION("""COMPUTED_VALUE"""),2.0) -> 2 | AD38: =IFERROR(__xludf.DUMMYFUNCTION("""COMPUTED_VALUE"""),2.0) -> 2 | AE38: =IFERROR(__xludf.DUMMYFUNCTION("""COMPUTED_VALUE"""),162.0) -> 162 | AF38: =IFERROR(__xludf.DUMMYFUNCTION("""COMPUTED_VALUE"""),200.0) -> 200 | AG38: =IFERROR(__xludf.DUMMYFUNCTION("""COMPUTED_VALUE"""),20.0) -> 20 | AH38: =IFERROR(__xludf.DUMMYFUNCTION("""COMPUTED_VALUE"""),20.0) -> 20
A39: =IFERROR(__xludf.DUMMYFUNCTION("""COMPUTED_VALUE"""),"Y") -> Y | B39: =IFERROR(__xludf.DUMMYFUNCTION("""COMPUTED_VALUE"""),"2") -> 2 | C39: =IFERROR(__xludf.DUMMYFUNCTION("""COMPUTED_VALUE"""),"289-294") -> 289-294 | D39: =IFERROR(__xludf.DUMMYFUNCTION("""COMPUTED_VALUE"""),45594.0) -> 45594 | E39: =IFERROR(__xludf.DUMMYFUNCTION("""COMPUTED_VALUE"""),45601.0) -> 45601 | F39: =IFERROR(__xludf.DUMMYFUNCTION("""COMPUTED_VALUE"""),45622.0) -> 45622 | G39: =IFERROR(__xludf.DUMMYFUNCTION("""COMPUTED_VALUE"""),"D34-2R") -> D34-2R | H39: =IFERROR(__xludf.DUMMYFUNCTION("""COMPUTED_VALUE"""),295.0) -> 295 | I39: =IFERROR(__xludf.DUMMYFUNCTION("""COMPUTED_VALUE"""),297.0) -> 297 | J39: =IFERROR(__xludf.DUMMYFUNCTION("""COMPUTED_VALUE"""),2.0) -> 2 | K39: =IFERROR(__xludf.DUMMYFUNCTION("""COMPUTED_VALUE"""),2.0) -> 2 | L39: =IFERROR(__xludf.DUMMYFUNCTION("""COMPUTED_VALUE"""),162.0) -> 162 | M39: =IFERROR(__xludf.DUMMYFUNCTION("""COMPUTED_VALUE"""),200.0) -> 200 | N39: =IFERROR(__xludf.DUMMYFUNCTION("""COMPUTED_VALUE"""),20.0) -> 20 | O39: =IFERROR(__xludf.DUMMYFUNCTION("""COMPUTED_VALUE"""),20.0) -> 20 | T39: =IFERROR(__xludf.DUMMYFUNCTION("""COMPUTED_VALUE"""),"Y") -> Y | U39: =IFERROR(__xludf.DUMMYFUNCTION("""COMPUTED_VALUE"""),"2") -> 2 | V39: =IFERROR(__xludf.DUMMYFUNCTION("""COMPUTED_VALUE"""),"289-294") -> 289-294 | W39: =IFERROR(__xludf.DUMMYFUNCTION("""COMPUTED_VALUE"""),45594.0) -> 45594 | X39: =IFERROR(__xludf.DUMMYFUNCTION("""COMPUTED_VALUE"""),45601.0) -> 45601 | Y39: =IFERROR(__xludf.DUMMYFUNCTION("""COMPUTED_VALUE"""),45622.0) -> 45622 | Z39: =IFERROR(__xludf.DUMMYFUNCTION("""COMPUTED_VALUE"""),"D34-2R") -> D34-2R | AE39: =IFERROR(__xludf.DUMMYFUNCTION("""COMPUTED_VALUE"""),212.0) -> 212 | AF39: =IFERROR(__xludf.DUMMYFUNCTION("""COMPUTED_VALUE"""),292.0) -> 292 | AG39: =IFERROR(__xludf.DUMMYFUNCTION("""COMPUTED_VALUE"""),41.0) -> 41 | AH39: =IFERROR(__xludf.DUMMYFUNCTION("""COMPUTED_VALUE"""),41.0) -> 41
A40: =IFERROR(__xludf.DUMMYFUNCTION("""COMPUTED_VALUE"""),"Y") -> Y | B40: =IFERROR(__xludf.DUMMYFUNCTION("""COMPUTED_VALUE"""),"2") -> 2 | C40: =IFERROR(__xludf.DUMMYFUNCTION("""COMPUTED_VALUE"""),"289-294") -> 289-294 | D40: =IFERROR(__xludf.DUMMYFUNCTION("""COMPUTED_VALUE"""),45594.0) -> 45594 | E40: =IFERROR(__xludf.DUMMYFUNCTION("""COMPUTED_VALUE"""),45601.0) -> 45601 | F40: =IFERROR(__xludf.DUMMYFUNCTION("""COMPUTED_VALUE"""),45622.0) -> 45622 | G40: =IFERROR(__xludf.DUMMYFUNCTION("""COMPUTED_VALUE"""),"D34-2R") -> D34-2R | L40: =IFERROR(__xludf.DUMMYFUNCTION("""COMPUTED_VALUE"""),212.0) -> 212 | M40: =IFERROR(__xludf.DUMMYFUNCTION("""COMPUTED_VALUE"""),292.0) -> 292 | N40: =IFERROR(__xludf.DUMMYFUNCTION("""COMPUTED_VALUE"""),41.0) -> 41 | O40: =IFERROR(__xludf.DUMMYFUNCTION("""COMPUTED_VALUE"""),41.0) -> 41 | T40: =IFERROR(__xludf.DUMMYFUNCTION("""COMPUTED_VALUE"""),"Y") -> Y | U40: =IFERROR(__xludf.DUMMYFUNCTION("""COMPUTED_VALUE"""),"2") -> 2 | V40: =IFERROR(__xludf.DUMMYFUNCTION("""COMPUTED_VALUE"""),"295-300") -> 295-300 | W40: =IFERROR(__xludf.DUMMYFUNCTION("""COMPUTED_VALUE"""),45595.0) -> 45595 | X40: =IFERROR(__xludf.DUMMYFUNCTION("""COMPUTED_VALUE"""),45602.0) -> 45602 | Y40: =IFERROR(__xludf.DUMMYFUNCTION("""COMPUTED_VALUE"""),45623.0) -> 45623 | Z40: =IFERROR(__xludf.DUMMYFUNCTION("""COMPUTED_VALUE"""),"D34-3R") -> D34-3R | AA40: =IFERROR(__xludf.DUMMYFUNCTION("""COMPUTED_VALUE"""),97.0) -> 97 | AB40: =IFERROR(__xludf.DUMMYFUNCTION("""COMPUTED_VALUE"""),147.0) -> 147 | AC40: =IFERROR(__xludf.DUMMYFUNCTION("""COMPUTED_VALUE"""),26.0) -> 26 | AD40: =IFERROR(__xludf.DUMMYFUNCTION("""COMPUTED_VALUE"""),26.0) -> 26 | AE40: =IFERROR(__xludf.DUMMYFUNCTION("""COMPUTED_VALUE"""),10.0) -> 10 | AF40: =IFERROR(__xludf.DUMMYFUNCTION("""COMPUTED_VALUE"""),46.0) -> 46 | AG40: =IFERROR(__xludf.DUMMYFUNCTION("""COMPUTED_VALUE"""),19.0) -> 19 | AH40: =IFERROR(__xludf.DUMMYFUNCTION("""COMPUTED_VALUE"""),19.0) -> 19
A41: =IFERROR(__xludf.DUMMYFUNCTION("""COMPUTED_VALUE"""),"Y") -> Y | B41: =IFERROR(__xludf.DUMMYFUNCTION("""COMPUTED_VALUE"""),"2") -> 2 | C41: =IFERROR(__xludf.DUMMYFUNCTION("""COMPUTED_VALUE"""),"295-300") -> 295-300 | D41: =IFERROR(__xludf.DUMMYFUNCTION("""COMPUTED_VALUE"""),45595.0) -> 45595 | E41: =IFERROR(__xludf.DUMMYFUNCTION("""COMPUTED_VALUE"""),45602.0) -> 45602 | F41: =IFERROR(__xludf.DUMMYFUNCTION("""COMPUTED_VALUE"""),45623.0) -> 45623 | G41: =IFERROR(__xludf.DUMMYFUNCTION("""COMPUTED_VALUE"""),"D34-3R") -> D34-3R | H41: =IFERROR(__xludf.DUMMYFUNCTION("""COMPUTED_VALUE"""),97.0) -> 97 | I41: =IFERROR(__xludf.DUMMYFUNCTION("""COMPUTED_VALUE"""),147.0) -> 147 | J41: =IFERROR(__xludf.DUMMYFUNCTION("""COMPUTED_VALUE"""),26.0) -> 26 | K41: =IFERROR(__xludf.DUMMYFUNCTION("""COMPUTED_VALUE"""),26.0) -> 26 | L41: =IFERROR(__xludf.DUMMYFUNCTION("""COMPUTED_VALUE"""),10.0) -> 10 | M41: =IFERROR(__xludf.DUMMYFUNCTION("""COMPUTED_VALUE"""),46.0) -> 46 | N41: =IFERROR(__xludf.DUMMYFUNCTION("""COMPUTED_VALUE"""),19.0) -> 19 | O41: =IFERROR(__xludf.DUMMYFUNCTION("""COMPUTED_VALUE"""),19.0) -> 19 | T41: =IFERROR(__xludf.DUMMYFUNCTION("""COMPUTED_VALUE"""),"Y") -> Y | U41: =IFERROR(__xludf.DUMMYFUNCTION("""COMPUTED_VALUE"""),"2") -> 2 | V41: =IFERROR(__xludf.DUMMYFUNCTION("""COMPUTED_VALUE"""),"295-300") -> 295-300 | W41: =IFERROR(__xludf.DUMMYFUNCTION("""COMPUTED_VALUE"""),45595.0) -> 45595 | X41: =IFERROR(__xludf.DUMMYFUNCTION("""COMPUTED_VALUE"""),45602.0) -> 45602 | Y41: =IFERROR(__xludf.DUMMYFUNCTION("""COMPUTED_VALUE"""),45623.0) -> 45623 | Z41: =IFERROR(__xludf.DUMMYFUNCTION("""COMPUTED_VALUE"""),"D34-3R") -> D34-3R | AA41: =IFERROR(__xludf.DUMMYFUNCTION("""COMPUTED_VALUE"""),159.0) -> 159 | AB41: =IFERROR(__xludf.DUMMYFUNCTION("""COMPUTED_VALUE"""),303.0) -> 303 | AC41: =IFERROR(__xludf.DUMMYFUNCTION("""COMPUTED_VALUE"""),73.0) -> 73 | AD41: =IFERROR(__xludf.DUMMYFUNCTION("""COMPUTED_VALUE"""),73.0) -> 73
A42: =IFERROR(__xludf.DUMMYFUNCTION("""COMPUTED_VALUE"""),"Y") -> Y | B42: =IFERROR(__xludf.DUMMYFUNCTION("""COMPUTED_VALUE"""),"2") -> 2 | C42: =IFERROR(__xludf.DUMMYFUNCTION("""COMPUTED_VALUE"""),"295-300") -> 295-300 | D42: =IFERROR(__xludf.DUMMYFUNCTION("""COMPUTED_VALUE"""),45595.0) -> 45595 | E42: =IFERROR(__xludf.DUMMYFUNCTION("""COMPUTED_VALUE"""),45602.0) -> 45602 | F42: =IFERROR(__xludf.DUMMYFUNCTION("""COMPUTED_VALUE"""),45623.0) -> 45623 | G42: =IFERROR(__xludf.DUMMYFUNCTION("""COMPUTED_VALUE"""),"D34-3R") -> D34-3R | H42: =IFERROR(__xludf.DUMMYFUNCTION("""COMPUTED_VALUE"""),159.0) -> 159 | I42: =IFERROR(__xludf.DUMMYFUNCTION("""COMPUTED_VALUE"""),303.0) -> 303 | J42: =IFERROR(__xludf.DUMMYFUNCTION("""COMPUTED_VALUE"""),73.0) -> 73 | K42: =IFERROR(__xludf.DUMMYFUNCTION("""COMPUTED_VALUE"""),73.0) -> 73 | T42: =IFERROR(__xludf.DUMMYFUNCTION("""COMPUTED_VALUE"""),"Y") -> Y | U42: =IFERROR(__xludf.DUMMYFUNCTION("""COMPUTED_VALUE"""),"2") -> 2 | V42: =IFERROR(__xludf.DUMMYFUNCTION("""COMPUTED_VALUE"""),"307 to 312") -> 307 to 312 | W42: =IFERROR(__xludf.DUMMYFUNCTION("""COMPUTED_VALUE"""),45596.0) -> 45596 | X42: =IFERROR(__xludf.DUMMYFUNCTION("""COMPUTED_VALUE"""),45603.0) -> 45603 | Y42: =IFERROR(__xludf.DUMMYFUNCTION("""COMPUTED_VALUE"""),45624.0) -> 45624 | Z42: =IFERROR(__xludf.DUMMYFUNCTION("""COMPUTED_VALUE"""),"D34-3R") -> D34-3R | AE42: =IFERROR(__xludf.DUMMYFUNCTION("""COMPUTED_VALUE"""),48.0) -> 48 | AF42: =IFERROR(__xludf.DUMMYFUNCTION("""COMPUTED_VALUE"""),146.0) -> 146 | AG42: =IFERROR(__xludf.DUMMYFUNCTION("""COMPUTED_VALUE"""),50.0) -> 50 | AH42: =IFERROR(__xludf.DUMMYFUNCTION("""COMPUTED_VALUE"""),50.0) -> 50
A43: =IFERROR(__xludf.DUMMYFUNCTION("""COMPUTED_VALUE"""),"Y") -> Y | B43: =IFERROR(__xludf.DUMMYFUNCTION("""COMPUTED_VALUE"""),"2") -> 2 | C43: =IFERROR(__xludf.DUMMYFUNCTION("""COMPUTED_VALUE"""),"307 to 312") -> 307 to 312 | D43: =IFERROR(__xludf.DUMMYFUNCTION("""COMPUTED_VALUE"""),45596.0) -> 45596 | E43: =IFERROR(__xludf.DUMMYFUNCTION("""COMPUTED_VALUE"""),45603.0) -> 45603 | F43: =IFERROR(__xludf.DUMMYFUNCTION("""COMPUTED_VALUE"""),45624.0) -> 45624 | G43: =IFERROR(__xludf.DUMMYFUNCTION("""COMPUTED_VALUE"""),"D34-3R") -> D34-3R | L43: =IFERROR(__xludf.DUMMYFUNCTION("""COMPUTED_VALUE"""),48.0) -> 48 | M43: =IFERROR(__xludf.DUMMYFUNCTION("""COMPUTED_VALUE"""),146.0) -> 146 | N43: =IFERROR(__xludf.DUMMYFUNCTION("""COMPUTED_VALUE"""),50.0) -> 50 | O43: =IFERROR(__xludf.DUMMYFUNCTION("""COMPUTED_VALUE"""),50.0) -> 50 | T43: =IFERROR(__xludf.DUMMYFUNCTION("""COMPUTED_VALUE"""),"Y") -> Y | U43: =IFERROR(__xludf.DUMMYFUNCTION("""COMPUTED_VALUE"""),"2") -> 2 | V43: =IFERROR(__xludf.DUMMYFUNCTION("""COMPUTED_VALUE"""),"307 to 312") -> 307 to 312 | W43: =IFERROR(__xludf.DUMMYFUNCTION("""COMPUTED_VALUE"""),45596.0) -> 45596 | X43: =IFERROR(__xludf.DUMMYFUNCTION("""COMPUTED_VALUE"""),45603.0) -> 45603 | Y43: =IFERROR(__xludf.DUMMYFUNCTION("""COMPUTED_VALUE"""),45624.0) -> 45624 | Z43: =IFERROR(__xludf.DUMMYFUNCTION("""COMPUTED_VALUE"""),"D34-3R") -> D34-3R | AE43: =IFERROR(__xludf.DUMMYFUNCTION("""COMPUTED_VALUE"""),160.0) -> 160 | AF43: =IFERROR(__xludf.DUMMYFUNCTION("""COMPUTED_VALUE"""),304.0) -> 304 | AG43: =IFERROR(__xludf.DUMMYFUNCTION("""COMPUTED_VALUE"""),73.0) -> 73 | AH43: =IFERROR(__xludf.DUMMYFUNCTION("""COMPUTED_VALUE"""),73.0) -> 73
A44: =IFERROR(__xludf.DUMMYFUNCTION("""COMPUTED_VALUE"""),"Y") -> Y | B44: =IFERROR(__xludf.DUMMYFUNCTION("""COMPUTED_VALUE"""),"2") -> 2 | C44: =IFERROR(__xludf.DUMMYFUNCTION("""COMPUTED_VALUE"""),"307 to 312") -> 307 to 312 | D44: =IFERROR(__xludf.DUMMYFUNCTION("""COMPUTED_VALUE"""),45596.0) -> 45596 | E44: =IFERROR(__xludf.DUMMYFUNCTION("""COMPUTED_VALUE"""),45603.0) -> 45603 | F44: =IFERROR(__xludf.DUMMYFUNCTION("""COMPUTED_VALUE"""),45624.0) -> 45624 | G44: =IFERROR(__xludf.DUMMYFUNCTION("""COMPUTED_VALUE"""),"D34-3R") -> D34-3R | L44: =IFERROR(__xludf.DUMMYFUNCTION("""COMPUTED_VALUE"""),160.0) -> 160 | M44: =IFERROR(__xludf.DUMMYFUNCTION("""COMPUTED_VALUE"""),304.0) -> 304 | N44: =IFERROR(__xludf.DUMMYFUNCTION("""COMPUTED_VALUE"""),73.0) -> 73 | O44: =IFERROR(__xludf.DUMMYFUNCTION("""COMPUTED_VALUE"""),73.0) -> 73 | T44: =IFERROR(__xludf.DUMMYFUNCTION("""COMPUTED_VALUE"""),"Y") -> Y | U44: =IFERROR(__xludf.DUMMYFUNCTION("""COMPUTED_VALUE"""),"2") -> 2 | V44: =IFERROR(__xludf.DUMMYFUNCTION("""COMPUTED_VALUE"""),"307 to 312") -> 307 to 312 | W44: =IFERROR(__xludf.DUMMYFUNCTION("""COMPUTED_VALUE"""),45596.0) -> 45596 | X44: =IFERROR(__xludf.DUMMYFUNCTION("""COMPUTED_VALUE"""),45603.0) -> 45603 | Y44: =IFERROR(__xludf.DUMMYFUNCTION("""COMPUTED_VALUE"""),45624.0) -> 45624 | Z44: =IFERROR(__xludf.DUMMYFUNCTION("""COMPUTED_VALUE"""),"D34-2R") -> D34-2R | AE44: =IFERROR(__xludf.DUMMYFUNCTION("""COMPUTED_VALUE"""),294.0) -> 294 | AF44: =IFERROR(__xludf.DUMMYFUNCTION("""COMPUTED_VALUE"""),296.0) -> 296 | AG44: =IFERROR(__xludf.DUMMYFUNCTION("""COMPUTED_VALUE"""),2.0) -> 2 | AH44: =IFERROR(__xludf.DUMMYFUNCTION("""COMPUTED_VALUE"""),2.0) -> 2
A45: =IFERROR(__xludf.DUMMYFUNCTION("""COMPUTED_VALUE"""),"Y") -> Y | B45: =IFERROR(__xludf.DUMMYFUNCTION("""COMPUTED_VALUE"""),"2") -> 2 | C45: =IFERROR(__xludf.DUMMYFUNCTION("""COMPUTED_VALUE"""),"307 to 312") -> 307 to 312 | D45: =IFERROR(__xludf.DUMMYFUNCTION("""COMPUTED_VALUE"""),45596.0) -> 45596 | E45: =IFERROR(__xludf.DUMMYFUNCTION("""COMPUTED_VALUE"""),45603.0) -> 45603 | F45: =IFERROR(__xludf.DUMMYFUNCTION("""COMPUTED_VALUE"""),45624.0) -> 45624 | G45: =IFERROR(__xludf.DUMMYFUNCTION("""COMPUTED_VALUE"""),"D34-2R") -> D34-2R | L45: =IFERROR(__xludf.DUMMYFUNCTION("""COMPUTED_VALUE"""),294.0) -> 294 | M45: =IFERROR(__xludf.DUMMYFUNCTION("""COMPUTED_VALUE"""),296.0) -> 296 | N45: =IFERROR(__xludf.DUMMYFUNCTION("""COMPUTED_VALUE"""),2.0) -> 2 | O45: =IFERROR(__xludf.DUMMYFUNCTION("""COMPUTED_VALUE"""),2.0) -> 2 | T45: =IFERROR(__xludf.DUMMYFUNCTION("""COMPUTED_VALUE"""),"Y") -> Y | U45: =IFERROR(__xludf.DUMMYFUNCTION("""COMPUTED_VALUE"""),"2") -> 2 | V45: =IFERROR(__xludf.DUMMYFUNCTION("""COMPUTED_VALUE"""),"319-324") -> 319-324 | W45: =IFERROR(__xludf.DUMMYFUNCTION("""COMPUTED_VALUE"""),45598.0) -> 45598 | X45: =IFERROR(__xludf.DUMMYFUNCTION("""COMPUTED_VALUE"""),45605.0) -> 45605 | Y45: =IFERROR(__xludf.DUMMYFUNCTION("""COMPUTED_VALUE"""),45626.0) -> 45626 | Z45: =IFERROR(__xludf.DUMMYFUNCTION("""COMPUTED_VALUE"""),"D34-3L") -> D34-3L | AA45: =IFERROR(__xludf.DUMMYFUNCTION("""COMPUTED_VALUE"""),5.0) -> 5 | AB45: =IFERROR(__xludf.DUMMYFUNCTION("""COMPUTED_VALUE"""),245.0) -> 245 | AC45: =IFERROR(__xludf.DUMMYFUNCTION("""COMPUTED_VALUE"""),121.0) -> 121 | AD45: =IFERROR(__xludf.DUMMYFUNCTION("""COMPUTED_VALUE"""),121.0) -> 121
A46: =IFERROR(__xludf.DUMMYFUNCTION("""COMPUTED_VALUE"""),"Y") -> Y | B46: =IFERROR(__xludf.DUMMYFUNCTION("""COMPUTED_VALUE"""),"2") -> 2 | C46: =IFERROR(__xludf.DUMMYFUNCTION("""COMPUTED_VALUE"""),"319-324") -> 319-324 | D46: =IFERROR(__xludf.DUMMYFUNCTION("""COMPUTED_VALUE"""),45598.0) -> 45598 | E46: =IFERROR(__xludf.DUMMYFUNCTION("""COMPUTED_VALUE"""),45605.0) -> 45605 | F46: =IFERROR(__xludf.DUMMYFUNCTION("""COMPUTED_VALUE"""),45626.0) -> 45626 | G46: =IFERROR(__xludf.DUMMYFUNCTION("""COMPUTED_VALUE"""),"D34-3L") -> D34-3L | H46: =IFERROR(__xludf.DUMMYFUNCTION("""COMPUTED_VALUE"""),5.0) -> 5 | I46: =IFERROR(__xludf.DUMMYFUNCTION("""COMPUTED_VALUE"""),245.0) -> 245 | J46: =IFERROR(__xludf.DUMMYFUNCTION("""COMPUTED_VALUE"""),121.0) -> 121 | K46: =IFERROR(__xludf.DUMMYFUNCTION("""COMPUTED_VALUE"""),121.0) -> 121 | T46: =IFERROR(__xludf.DUMMYFUNCTION("""COMPUTED_VALUE"""),"Y") -> Y | U46: =IFERROR(__xludf.DUMMYFUNCTION("""COMPUTED_VALUE"""),"2") -> 2 | V46: =IFERROR(__xludf.DUMMYFUNCTION("""COMPUTED_VALUE"""),"331 to 336") -> 331 to 336 | W46: =IFERROR(__xludf.DUMMYFUNCTION("""COMPUTED_VALUE"""),45600.0) -> 45600 | X46: =IFERROR(__xludf.DUMMYFUNCTION("""COMPUTED_VALUE"""),45607.0) -> 45607 | Y46: =IFERROR(__xludf.DUMMYFUNCTION("""COMPUTED_VALUE"""),45628.0) -> 45628 | Z46: =IFERROR(__xludf.DUMMYFUNCTION("""COMPUTED_VALUE"""),"D34-3L") -> D34-3L | AA46: =IFERROR(__xludf.DUMMYFUNCTION("""COMPUTED_VALUE"""),247.0) -> 247 | AB46: =IFERROR(__xludf.DUMMYFUNCTION("""COMPUTED_VALUE"""),305.0) -> 305 | AC46: =IFERROR(__xludf.DUMMYFUNCTION("""COMPUTED_VALUE"""),30.0) -> 30 | AD46: =IFERROR(__xludf.DUMMYFUNCTION("""COMPUTED_VALUE"""),30.0) -> 30 | AE46: =IFERROR(__xludf.DUMMYFUNCTION("""COMPUTED_VALUE"""),6.0) -> 6 | AF46: =IFERROR(__xludf.DUMMYFUNCTION("""COMPUTED_VALUE"""),216.0) -> 216 | AG46: =IFERROR(__xludf.DUMMYFUNCTION("""COMPUTED_VALUE"""),106.0) -> 106 | AH46: =IFERROR(__xludf.DUMMYFUNCTION("""COMPUTED_VALUE"""),106.0) -> 106
A47: =IFERROR(__xludf.DUMMYFUNCTION("""COMPUTED_VALUE"""),"Y") -> Y | B47: =IFERROR(__xludf.DUMMYFUNCTION("""COMPUTED_VALUE"""),"2") -> 2 | C47: =IFERROR(__xludf.DUMMYFUNCTION("""COMPUTED_VALUE"""),"331 to 336") -> 331 to 336 | D47: =IFERROR(__xludf.DUMMYFUNCTION("""COMPUTED_VALUE"""),45600.0) -> 45600 | E47: =IFERROR(__xludf.DUMMYFUNCTION("""COMPUTED_VALUE"""),45607.0) -> 45607 | F47: =IFERROR(__xludf.DUMMYFUNCTION("""COMPUTED_VALUE"""),45628.0) -> 45628 | G47: =IFERROR(__xludf.DUMMYFUNCTION("""COMPUTED_VALUE"""),"D34-3L") -> D34-3L | H47: =IFERROR(__xludf.DUMMYFUNCTION("""COMPUTED_VALUE"""),247.0) -> 247 | I47: =IFERROR(__xludf.DUMMYFUNCTION("""COMPUTED_VALUE"""),305.0) -> 305 | J47: =IFERROR(__xludf.DUMMYFUNCTION("""COMPUTED_VALUE"""),30.0) -> 30 | K47: =IFERROR(__xludf.DUMMYFUNCTION("""COMPUTED_VALUE"""),30.0) -> 30 | L47: =IFERROR(__xludf.DUMMYFUNCTION("""COMPUTED_VALUE"""),6.0) -> 6 | M47: =IFERROR(__xludf.DUMMYFUNCTION("""COMPUTED_VALUE"""),216.0) -> 216 | N47: =IFERROR(__xludf.DUMMYFUNCTION("""COMPUTED_VALUE"""),106.0) -> 106 | O47: =IFERROR(__xludf.DUMMYFUNCTION("""COMPUTED_VALUE"""),106.0) -> 106 | T47: =IFERROR(__xludf.DUMMYFUNCTION("""COMPUTED_VALUE"""),"Y") -> Y | U47: =IFERROR(__xludf.DUMMYFUNCTION("""COMPUTED_VALUE"""),"2") -> 2 | V47: =IFERROR(__xludf.DUMMYFUNCTION("""COMPUTED_VALUE"""),"343 to 348") -> 343 to 348 | W47: =IFERROR(__xludf.DUMMYFUNCTION("""COMPUTED_VALUE"""),45601.0) -> 45601 | X47: =IFERROR(__xludf.DUMMYFUNCTION("""COMPUTED_VALUE"""),45608.0) -> 45608 | Y47: =IFERROR(__xludf.DUMMYFUNCTION("""COMPUTED_VALUE"""),45629.0) -> 45629 | Z47: =IFERROR(__xludf.DUMMYFUNCTION("""COMPUTED_VALUE"""),"D34-3L") -> D34-3L | AE47: =IFERROR(__xludf.DUMMYFUNCTION("""COMPUTED_VALUE"""),216.0) -> 216 | AF47: =IFERROR(__xludf.DUMMYFUNCTION("""COMPUTED_VALUE"""),306.0) -> 306 | AG47: =IFERROR(__xludf.DUMMYFUNCTION("""COMPUTED_VALUE"""),46.0) -> 46 | AH47: =IFERROR(__xludf.DUMMYFUNCTION("""COMPUTED_VALUE"""),46.0) -> 46
A48: =IFERROR(__xludf.DUMMYFUNCTION("""COMPUTED_VALUE"""),"Y") -> Y | B48: =IFERROR(__xludf.DUMMYFUNCTION("""COMPUTED_VALUE"""),"2") -> 2 | C48: =IFERROR(__xludf.DUMMYFUNCTION("""COMPUTED_VALUE"""),"343 to 348") -> 343 to 348 | D48: =IFERROR(__xludf.DUMMYFUNCTION("""COMPUTED_VALUE"""),45601.0) -> 45601 | E48: =IFERROR(__xludf.DUMMYFUNCTION("""COMPUTED_VALUE"""),45608.0) -> 45608 | F48: =IFERROR(__xludf.DUMMYFUNCTION("""COMPUTED_VALUE"""),45629.0) -> 45629 | G48: =IFERROR(__xludf.DUMMYFUNCTION("""COMPUTED_VALUE"""),"D34-3L") -> D34-3L | L48: =IFERROR(__xludf.DUMMYFUNCTION("""COMPUTED_VALUE"""),216.0) -> 216 | M48: =IFERROR(__xludf.DUMMYFUNCTION("""COMPUTED_VALUE"""),306.0) -> 306 | N48: =IFERROR(__xludf.DUMMYFUNCTION("""COMPUTED_VALUE"""),46.0) -> 46 | O48: =IFERROR(__xludf.DUMMYFUNCTION("""COMPUTED_VALUE"""),46.0) -> 46 | T48: =IFERROR(__xludf.DUMMYFUNCTION("""COMPUTED_VALUE"""),"Y") -> Y | U48: =IFERROR(__xludf.DUMMYFUNCTION("""COMPUTED_VALUE"""),"2") -> 2 | V48: =IFERROR(__xludf.DUMMYFUNCTION("""COMPUTED_VALUE"""),"343 to 348") -> 343 to 348 | W48: =IFERROR(__xludf.DUMMYFUNCTION("""COMPUTED_VALUE"""),45601.0) -> 45601 | X48: =IFERROR(__xludf.DUMMYFUNCTION("""COMPUTED_VALUE"""),45608.0) -> 45608 | Y48: =IFERROR(__xludf.DUMMYFUNCTION("""COMPUTED_VALUE"""),45629.0) -> 45629 | Z48: =IFERROR(__xludf.DUMMYFUNCTION("""COMPUTED_VALUE"""),"D34-4R") -> D34-4R | AA48: =IFERROR(__xludf.DUMMYFUNCTION("""COMPUTED_VALUE"""),5.0) -> 5 | AB48: =IFERROR(__xludf.DUMMYFUNCTION("""COMPUTED_VALUE"""),95.0) -> 95 | AC48: =IFERROR(__xludf.DUMMYFUNCTION("""COMPUTED_VALUE"""),46.0) -> 46 | AD48: =IFERROR(__xludf.DUMMYFUNCTION("""COMPUTED_VALUE"""),46.0) -> 46
A49: =IFERROR(__xludf.DUMMYFUNCTION("""COMPUTED_VALUE"""),"Y") -> Y | B49: =IFERROR(__xludf.DUMMYFUNCTION("""COMPUTED_VALUE"""),"2") -> 2 | C49: =IFERROR(__xludf.DUMMYFUNCTION("""COMPUTED_VALUE"""),"343 to 348") -> 343 to 348 | D49: =IFERROR(__xludf.DUMMYFUNCTION("""COMPUTED_VALUE"""),45601.0) -> 45601 | E49: =IFERROR(__xludf.DUMMYFUNCTION("""COMPUTED_VALUE"""),45608.0) -> 45608 | F49: =IFERROR(__xludf.DUMMYFUNCTION("""COMPUTED_VALUE"""),45629.0) -> 45629 | G49: =IFERROR(__xludf.DUMMYFUNCTION("""COMPUTED_VALUE"""),"D34-4R") -> D34-4R | H49: =IFERROR(__xludf.DUMMYFUNCTION("""COMPUTED_VALUE"""),5.0) -> 5 | I49: =IFERROR(__xludf.DUMMYFUNCTION("""COMPUTED_VALUE"""),95.0) -> 95 | J49: =IFERROR(__xludf.DUMMYFUNCTION("""COMPUTED_VALUE"""),46.0) -> 46 | K49: =IFERROR(__xludf.DUMMYFUNCTION("""COMPUTED_VALUE"""),46.0) -> 46 | T49: =IFERROR(__xludf.DUMMYFUNCTION("""COMPUTED_VALUE"""),"Y") -> Y | U49: =IFERROR(__xludf.DUMMYFUNCTION("""COMPUTED_VALUE"""),"2") -> 2 | V49: =IFERROR(__xludf.DUMMYFUNCTION("""COMPUTED_VALUE"""),"343 to 348") -> 343 to 348 | W49: =IFERROR(__xludf.DUMMYFUNCTION("""COMPUTED_VALUE"""),45601.0) -> 45601 | X49: =IFERROR(__xludf.DUMMYFUNCTION("""COMPUTED_VALUE"""),45608.0) -> 45608 | Y49: =IFERROR(__xludf.DUMMYFUNCTION("""COMPUTED_VALUE"""),45629.0) -> 45629 | Z49: =IFERROR(__xludf.DUMMYFUNCTION("""COMPUTED_VALUE"""),"D34-4R") -> D34-4R | AA49: =IFERROR(__xludf.DUMMYFUNCTION("""COMPUTED_VALUE"""),111.0) -> 111 | AB49: =IFERROR(__xludf.DUMMYFUNCTION("""COMPUTED_VALUE"""),153.0) -> 153 | AC49: =IFERROR(__xludf.DUMMYFUNCTION("""COMPUTED_VALUE"""),22.0) -> 22 | AD49: =IFERROR(__xludf.DUMMYFUNCTION("""COMPUTED_VALUE"""),22.0) -> 22
A50: =IFERROR(__xludf.DUMMYFUNCTION("""COMPUTED_VALUE"""),"Y") -> Y | B50: =IFERROR(__xludf.DUMMYFUNCTION("""COMPUTED_VALUE"""),"2") -> 2 | C50: =IFERROR(__xludf.DUMMYFUNCTION("""COMPUTED_VALUE"""),"343 to 348") -> 343 to 348 | D50: =IFERROR(__xludf.DUMMYFUNCTION("""COMPUTED_VALUE"""),45601.0) -> 45601 | E50: =IFERROR(__xludf.DUMMYFUNCTION("""COMPUTED_VALUE"""),45608.0) -> 45608 | F50: =IFERROR(__xludf.DUMMYFUNCTION("""COMPUTED_VALUE"""),45629.0) -> 45629 | G50: =IFERROR(__xludf.DUMMYFUNCTION("""COMPUTED_VALUE"""),"D34-4R") -> D34-4R | H50: =IFERROR(__xludf.DUMMYFUNCTION("""COMPUTED_VALUE"""),111.0) -> 111 | I50: =IFERROR(__xludf.DUMMYFUNCTION("""COMPUTED_VALUE"""),153.0) -> 153 | J50: =IFERROR(__xludf.DUMMYFUNCTION("""COMPUTED_VALUE"""),22.0) -> 22 | K50: =IFERROR(__xludf.DUMMYFUNCTION("""COMPUTED_VALUE"""),22.0) -> 22 | T50: =IFERROR(__xludf.DUMMYFUNCTION("""COMPUTED_VALUE"""),"Y") -> Y | U50: =IFERROR(__xludf.DUMMYFUNCTION("""COMPUTED_VALUE"""),"3") -> 3 | V50: =IFERROR(__xludf.DUMMYFUNCTION("""COMPUTED_VALUE"""),"غير ماشي في سلفة رقم ٢") -> غير ماشي في سلفة رقم ٢ | W50: =IFERROR(__xludf.DUMMYFUNCTION("""COMPUTED_VALUE"""),45601.0) -> 45601 | X50: =IFERROR(__xludf.DUMMYFUNCTION("""COMPUTED_VALUE"""),45608.0) -> 45608 | Y50: =IFERROR(__xludf.DUMMYFUNCTION("""COMPUTED_VALUE"""),45629.0) -> 45629 | Z50: =IFERROR(__xludf.DUMMYFUNCTION("""COMPUTED_VALUE"""),"D37-2R") -> D37-2R | AA50: =IFERROR(__xludf.DUMMYFUNCTION("""COMPUTED_VALUE"""),47.0) -> 47 | AB50: =IFERROR(__xludf.DUMMYFUNCTION("""COMPUTED_VALUE"""),289.0) -> 289 | AC50: =IFERROR(__xludf.DUMMYFUNCTION("""COMPUTED_VALUE"""),122.0) -> 122 | AD50: =IFERROR(__xludf.DUMMYFUNCTION("""COMPUTED_VALUE"""),122.0) -> 122
A51: =IFERROR(__xludf.DUMMYFUNCTION("""COMPUTED_VALUE"""),"Y") -> Y | B51: =IFERROR(__xludf.DUMMYFUNCTION("""COMPUTED_VALUE"""),"3") -> 3 | C51: =IFERROR(__xludf.DUMMYFUNCTION("""COMPUTED_VALUE"""),"غير ماشي في سلفة رقم ٢") -> غير ماشي في سلفة رقم ٢ | D51: =IFERROR(__xludf.DUMMYFUNCTION("""COMPUTED_VALUE"""),45601.0) -> 45601 | E51: =IFERROR(__xludf.DUMMYFUNCTION("""COMPUTED_VALUE"""),45608.0) -> 45608 | F51: =IFERROR(__xludf.DUMMYFUNCTION("""COMPUTED_VALUE"""),45629.0) -> 45629 | G51: =IFERROR(__xludf.DUMMYFUNCTION("""COMPUTED_VALUE"""),"D37-2R") -> D37-2R | H51: =IFERROR(__xludf.DUMMYFUNCTION("""COMPUTED_VALUE"""),47.0) -> 47 | I51: =IFERROR(__xludf.DUMMYFUNCTION("""COMPUTED_VALUE"""),289.0) -> 289 | J51: =IFERROR(__xludf.DUMMYFUNCTION("""COMPUTED_VALUE"""),122.0) -> 122 | K51: =IFERROR(__xludf.DUMMYFUNCTION("""COMPUTED_VALUE"""),122.0) -> 122 | T51: =IFERROR(__xludf.DUMMYFUNCTION("""COMPUTED_VALUE"""),"Y") -> Y | U51: =IFERROR(__xludf.DUMMYFUNCTION("""COMPUTED_VALUE"""),"2") -> 2 | V51: =IFERROR(__xludf.DUMMYFUNCTION("""COMPUTED_VALUE"""),"361 to 366") -> 361 to 366 | W51: =IFERROR(__xludf.DUMMYFUNCTION("""COMPUTED_VALUE"""),45602.0) -> 45602 | X51: =IFERROR(__xludf.DUMMYFUNCTION("""COMPUTED_VALUE"""),45609.0) -> 45609 | Y51: =IFERROR(__xludf.DUMMYFUNCTION("""COMPUTED_VALUE"""),45630.0) -> 45630 | Z51: =IFERROR(__xludf.DUMMYFUNCTION("""COMPUTED_VALUE"""),"D34-4R") -> D34-4R | AA51: =IFERROR(__xludf.DUMMYFUNCTION("""COMPUTED_VALUE"""),155.0) -> 155 | AB51: =IFERROR(__xludf.DUMMYFUNCTION("""COMPUTED_VALUE"""),307.0) -> 307 | AC51: =IFERROR(__xludf.DUMMYFUNCTION("""COMPUTED_VALUE"""),77.0) -> 77 | AD51: =IFERROR(__xludf.DUMMYFUNCTION("""COMPUTED_VALUE"""),77.0) -> 77 | AE51: =IFERROR(__xludf.DUMMYFUNCTION("""COMPUTED_VALUE"""),6.0) -> 6 | AF51: =IFERROR(__xludf.DUMMYFUNCTION("""COMPUTED_VALUE"""),76.0) -> 76 | AG51: =IFERROR(__xludf.DUMMYFUNCTION("""COMPUTED_VALUE"""),36.0) -> 36 | AH51: =IFERROR(__xludf.DUMMYFUNCTION("""COMPUTED_VALUE"""),36.0) -> 36
A52: =IFERROR(__xludf.DUMMYFUNCTION("""COMPUTED_VALUE"""),"Y") -> Y | B52: =IFERROR(__xludf.DUMMYFUNCTION("""COMPUTED_VALUE"""),"2") -> 2 | C52: =IFERROR(__xludf.DUMMYFUNCTION("""COMPUTED_VALUE"""),"361 to 366") -> 361 to 366 | D52: =IFERROR(__xludf.DUMMYFUNCTION("""COMPUTED_VALUE"""),45602.0) -> 45602 | E52: =IFERROR(__xludf.DUMMYFUNCTION("""COMPUTED_VALUE"""),45609.0) -> 45609 | F52: =IFERROR(__xludf.DUMMYFUNCTION("""COMPUTED_VALUE"""),45630.0) -> 45630 | G52: =IFERROR(__xludf.DUMMYFUNCTION("""COMPUTED_VALUE"""),"D34-4R") -> D34-4R | H52: =IFERROR(__xludf.DUMMYFUNCTION("""COMPUTED_VALUE"""),155.0) -> 155 | I52: =IFERROR(__xludf.DUMMYFUNCTION("""COMPUTED_VALUE"""),307.0) -> 307 | J52: =IFERROR(__xludf.DUMMYFUNCTION("""COMPUTED_VALUE"""),77.0) -> 77 | K52: =IFERROR(__xludf.DUMMYFUNCTION("""COMPUTED_VALUE"""),77.0) -> 77 | L52: =IFERROR(__xludf.DUMMYFUNCTION("""COMPUTED_VALUE"""),6.0) -> 6 | M52: =IFERROR(__xludf.DUMMYFUNCTION("""COMPUTED_VALUE"""),76.0) -> 76 | N52: =IFERROR(__xludf.DUMMYFUNCTION("""COMPUTED_VALUE"""),36.0) -> 36 | O52: =IFERROR(__xludf.DUMMYFUNCTION("""COMPUTED_VALUE"""),36.0) -> 36 | T52: =IFERROR(__xludf.DUMMYFUNCTION("""COMPUTED_VALUE"""),"Y") -> Y | U52: =IFERROR(__xludf.DUMMYFUNCTION("""COMPUTED_VALUE"""),"3") -> 3 | W52: =IFERROR(__xludf.DUMMYFUNCTION("""COMPUTED_VALUE"""),45602.0) -> 45602 | X52: =IFERROR(__xludf.DUMMYFUNCTION("""COMPUTED_VALUE"""),45609.0) -> 45609 | Y52: =IFERROR(__xludf.DUMMYFUNCTION("""COMPUTED_VALUE"""),45630.0) -> 45630 | Z52: =IFERROR(__xludf.DUMMYFUNCTION("""COMPUTED_VALUE"""),"D37-2R") -> D37-2R | AA52: =IFERROR(__xludf.DUMMYFUNCTION("""COMPUTED_VALUE"""),3.0) -> 3 | AB52: =IFERROR(__xludf.DUMMYFUNCTION("""COMPUTED_VALUE"""),45.0) -> 45 | AC52: =IFERROR(__xludf.DUMMYFUNCTION("""COMPUTED_VALUE"""),22.0) -> 22 | AD52: =IFERROR(__xludf.DUMMYFUNCTION("""COMPUTED_VALUE"""),22.0) -> 22 | AE52: =IFERROR(__xludf.DUMMYFUNCTION("""COMPUTED_VALUE"""),48.0) -> 48 | AF52: =IFERROR(__xludf.DUMMYFUNCTION("""COMPUTED_VALUE"""),242.0) -> 242 | AG52: =IFERROR(__xludf.DUMMYFUNCTION("""COMPUTED_VALUE"""),98.0) -> 98 | AH52: =IFERROR(__xludf.DUMMYFUNCTION("""COMPUTED_VALUE"""),98.0) -> 98
A53: =IFERROR(__xludf.DUMMYFUNCTION("""COMPUTED_VALUE"""),"Y") -> Y | B53: =IFERROR(__xludf.DUMMYFUNCTION("""COMPUTED_VALUE"""),"3") -> 3 | D53: =IFERROR(__xludf.DUMMYFUNCTION("""COMPUTED_VALUE"""),45602.0) -> 45602 | E53: =IFERROR(__xludf.DUMMYFUNCTION("""COMPUTED_VALUE"""),45609.0) -> 45609 | F53: =IFERROR(__xludf.DUMMYFUNCTION("""COMPUTED_VALUE"""),45630.0) -> 45630 | G53: =IFERROR(__xludf.DUMMYFUNCTION("""COMPUTED_VALUE"""),"D37-2R") -> D37-2R | H53: =IFERROR(__xludf.DUMMYFUNCTION("""COMPUTED_VALUE"""),3.0) -> 3 | I53: =IFERROR(__xludf.DUMMYFUNCTION("""COMPUTED_VALUE"""),45.0) -> 45 | J53: =IFERROR(__xludf.DUMMYFUNCTION("""COMPUTED_VALUE"""),22.0) -> 22 | K53: =IFERROR(__xludf.DUMMYFUNCTION("""COMPUTED_VALUE"""),22.0) -> 22 | L53: =IFERROR(__xludf.DUMMYFUNCTION("""COMPUTED_VALUE"""),48.0) -> 48 | M53: =IFERROR(__xludf.DUMMYFUNCTION("""COMPUTED_VALUE"""),242.0) -> 242 | N53: =IFERROR(__xludf.DUMMYFUNCTION("""COMPUTED_VALUE"""),98.0) -> 98 | O53: =IFERROR(__xludf.DUMMYFUNCTION("""COMPUTED_VALUE"""),98.0) -> 98 | T53: =IFERROR(__xludf.DUMMYFUNCTION("""COMPUTED_VALUE"""),"Y") -> Y | U53: =IFERROR(__xludf.DUMMYFUNCTION("""COMPUTED_VALUE"""),"3") -> 3 | W53: =IFERROR(__xludf.DUMMYFUNCTION("""COMPUTED_VALUE"""),45602.0) -> 45602 | X53: =IFERROR(__xludf.DUMMYFUNCTION("""COMPUTED_VALUE"""),45609.0) -> 45609 | Y53: =IFERROR(__xludf.DUMMYFUNCTION("""COMPUTED_VALUE"""),45630.0) -> 45630 | Z53: =IFERROR(__xludf.DUMMYFUNCTION("""COMPUTED_VALUE"""),"D37-2R") -> D37-2R | AA53: =IFERROR(__xludf.DUMMYFUNCTION("""COMPUTED_VALUE"""),291.0) -> 291 | AB53: =IFERROR(__xludf.DUMMYFUNCTION("""COMPUTED_VALUE"""),309.0) -> 309 | AC53: =IFERROR(__xludf.DUMMYFUNCTION("""COMPUTED_VALUE"""),10.0) -> 10 | AD53: =IFERROR(__xludf.DUMMYFUNCTION("""COMPUTED_VALUE"""),10.0) -> 10 | AE53: =IFERROR(__xludf.DUMMYFUNCTION("""COMPUTED_VALUE"""),280.0) -> 280 | AF53: =IFERROR(__xludf.DUMMYFUNCTION("""COMPUTED_VALUE"""),288.0) -> 288 | AG53: =IFERROR(__xludf.DUMMYFUNCTION("""COMPUTED_VALUE"""),5.0) -> 5 | AH53: =IFERROR(__xludf.DUMMYFUNCTION("""COMPUTED_VALUE"""),5.0) -> 5
A54: =IFERROR(__xludf.DUMMYFUNCTION("""COMPUTED_VALUE"""),"Y") -> Y | B54: =IFERROR(__xludf.DUMMYFUNCTION("""COMPUTED_VALUE"""),"3") -> 3 | D54: =IFERROR(__xludf.DUMMYFUNCTION("""COMPUTED_VALUE"""),45602.0) -> 45602 | E54: =IFERROR(__xludf.DUMMYFUNCTION("""COMPUTED_VALUE"""),45609.0) -> 45609 | F54: =IFERROR(__xludf.DUMMYFUNCTION("""COMPUTED_VALUE"""),45630.0) -> 45630 | G54: =IFERROR(__xludf.DUMMYFUNCTION("""COMPUTED_VALUE"""),"D37-2R") -> D37-2R | H54: =IFERROR(__xludf.DUMMYFUNCTION("""COMPUTED_VALUE"""),291.0) -> 291 | I54: =IFERROR(__xludf.DUMMYFUNCTION("""COMPUTED_VALUE"""),309.0) -> 309 | J54: =IFERROR(__xludf.DUMMYFUNCTION("""COMPUTED_VALUE"""),10.0) -> 10 | K54: =IFERROR(__xludf.DUMMYFUNCTION("""COMPUTED_VALUE"""),10.0) -> 10 | L54: =IFERROR(__xludf.DUMMYFUNCTION("""COMPUTED_VALUE"""),280.0) -> 280 | M54: =IFERROR(__xludf.DUMMYFUNCTION("""COMPUTED_VALUE"""),288.0) -> 288 | N54: =IFERROR(__xludf.DUMMYFUNCTION("""COMPUTED_VALUE"""),5.0) -> 5 | O54: =IFERROR(__xludf.DUMMYFUNCTION("""COMPUTED_VALUE"""),5.0) -> 5 | T54: =IFERROR(__xludf.DUMMYFUNCTION("""COMPUTED_VALUE"""),"Y") -> Y | U54: =IFERROR(__xludf.DUMMYFUNCTION("""COMPUTED_VALUE"""),"3") -> 3 | W54: =IFERROR(__xludf.DUMMYFUNCTION("""COMPUTED_VALUE"""),45603.0) -> 45603 | X54: =IFERROR(__xludf.DUMMYFUNCTION("""COMPUTED_VALUE"""),45610.0) -> 45610 | Y54: =IFERROR(__xludf.DUMMYFUNCTION("""COMPUTED_VALUE"""),45631.0) -> 45631 | Z54: =IFERROR(__xludf.DUMMYFUNCTION("""COMPUTED_VALUE"""),"D37-2L") -> D37-2L | AA54: =IFERROR(__xludf.DUMMYFUNCTION("""COMPUTED_VALUE"""),3.0) -> 3 | AB54: =IFERROR(__xludf.DUMMYFUNCTION("""COMPUTED_VALUE"""),43.0) -> 43 | AC54: =IFERROR(__xludf.DUMMYFUNCTION("""COMPUTED_VALUE"""),21.0) -> 21 | AD54: =IFERROR(__xludf.DUMMYFUNCTION("""COMPUTED_VALUE"""),21.0) -> 21
A55: =IFERROR(__xludf.DUMMYFUNCTION("""COMPUTED_VALUE"""),"Y") -> Y | B55: =IFERROR(__xludf.DUMMYFUNCTION("""COMPUTED_VALUE"""),"3") -> 3 | D55: =IFERROR(__xludf.DUMMYFUNCTION("""COMPUTED_VALUE"""),45603.0) -> 45603 | E55: =IFERROR(__xludf.DUMMYFUNCTION("""COMPUTED_VALUE"""),45610.0) -> 45610 | F55: =IFERROR(__xludf.DUMMYFUNCTION("""COMPUTED_VALUE"""),45631.0) -> 45631 | G55: =IFERROR(__xludf.DUMMYFUNCTION("""COMPUTED_VALUE"""),"D37-2L") -> D37-2L | H55: =IFERROR(__xludf.DUMMYFUNCTION("""COMPUTED_VALUE"""),3.0) -> 3 | I55: =IFERROR(__xludf.DUMMYFUNCTION("""COMPUTED_VALUE"""),43.0) -> 43 | J55: =IFERROR(__xludf.DUMMYFUNCTION("""COMPUTED_VALUE"""),21.0) -> 21 | K55: =IFERROR(__xludf.DUMMYFUNCTION("""COMPUTED_VALUE"""),21.0) -> 21 | T55: =IFERROR(__xludf.DUMMYFUNCTION("""COMPUTED_VALUE"""),"Y") -> Y | U55: =IFERROR(__xludf.DUMMYFUNCTION("""COMPUTED_VALUE"""),"3") -> 3 | W55: =IFERROR(__xludf.DUMMYFUNCTION("""COMPUTED_VALUE"""),45603.0) -> 45603 | X55: =IFERROR(__xludf.DUMMYFUNCTION("""COMPUTED_VALUE"""),45610.0) -> 45610 | Y55: =IFERROR(__xludf.DUMMYFUNCTION("""COMPUTED_VALUE"""),45631.0) -> 45631 | Z55: =IFERROR(__xludf.DUMMYFUNCTION("""COMPUTED_VALUE"""),"D34-4L") -> D34-4L | AA55: =IFERROR(__xludf.DUMMYFUNCTION("""COMPUTED_VALUE"""),3.0) -> 3 | AB55: =IFERROR(__xludf.DUMMYFUNCTION("""COMPUTED_VALUE"""),125.0) -> 125 | AC55: =IFERROR(__xludf.DUMMYFUNCTION("""COMPUTED_VALUE"""),62.0) -> 62 | AD55: =IFERROR(__xludf.DUMMYFUNCTION("""COMPUTED_VALUE"""),62.0) -> 62
A56: =IFERROR(__xludf.DUMMYFUNCTION("""COMPUTED_VALUE"""),"Y") -> Y | B56: =IFERROR(__xludf.DUMMYFUNCTION("""COMPUTED_VALUE"""),"3") -> 3 | D56: =IFERROR(__xludf.DUMMYFUNCTION("""COMPUTED_VALUE"""),45603.0) -> 45603 | E56: =IFERROR(__xludf.DUMMYFUNCTION("""COMPUTED_VALUE"""),45610.0) -> 45610 | F56: =IFERROR(__xludf.DUMMYFUNCTION("""COMPUTED_VALUE"""),45631.0) -> 45631 | G56: =IFERROR(__xludf.DUMMYFUNCTION("""COMPUTED_VALUE"""),"D34-4L") -> D34-4L | H56: =IFERROR(__xludf.DUMMYFUNCTION("""COMPUTED_VALUE"""),3.0) -> 3 | I56: =IFERROR(__xludf.DUMMYFUNCTION("""COMPUTED_VALUE"""),125.0) -> 125 | J56: =IFERROR(__xludf.DUMMYFUNCTION("""COMPUTED_VALUE"""),62.0) -> 62 | K56: =IFERROR(__xludf.DUMMYFUNCTION("""COMPUTED_VALUE"""),62.0) -> 62 | T56: =IFERROR(__xludf.DUMMYFUNCTION("""COMPUTED_VALUE"""),"Y") -> Y | U56: =IFERROR(__xludf.DUMMYFUNCTION("""COMPUTED_VALUE"""),"3") -> 3 | W56: =IFERROR(__xludf.DUMMYFUNCTION("""COMPUTED_VALUE"""),45603.0) -> 45603 | X56: =IFERROR(__xludf.DUMMYFUNCTION("""COMPUTED_VALUE"""),45610.0) -> 45610 | Y56: =IFERROR(__xludf.DUMMYFUNCTION("""COMPUTED_VALUE"""),45631.0) -> 45631 | Z56: =IFERROR(__xludf.DUMMYFUNCTION("""COMPUTED_VALUE"""),"D37-2R") -> D37-2R | AE56: =IFERROR(__xludf.DUMMYFUNCTION("""COMPUTED_VALUE"""),4.0) -> 4 | AF56: =IFERROR(__xludf.DUMMYFUNCTION("""COMPUTED_VALUE"""),46.0) -> 46 | AG56: =IFERROR(__xludf.DUMMYFUNCTION("""COMPUTED_VALUE"""),22.0) -> 22 | AH56: =IFERROR(__xludf.DUMMYFUNCTION("""COMPUTED_VALUE"""),22.0) -> 22
A57: =IFERROR(__xludf.DUMMYFUNCTION("""COMPUTED_VALUE"""),"Y") -> Y | B57: =IFERROR(__xludf.DUMMYFUNCTION("""COMPUTED_VALUE"""),"3") -> 3 | D57: =IFERROR(__xludf.DUMMYFUNCTION("""COMPUTED_VALUE"""),45603.0) -> 45603 | E57: =IFERROR(__xludf.DUMMYFUNCTION("""COMPUTED_VALUE"""),45610.0) -> 45610 | F57: =IFERROR(__xludf.DUMMYFUNCTION("""COMPUTED_VALUE"""),45631.0) -> 45631 | G57: =IFERROR(__xludf.DUMMYFUNCTION("""COMPUTED_VALUE"""),"D37-2R") -> D37-2R | L57: =IFERROR(__xludf.DUMMYFUNCTION("""COMPUTED_VALUE"""),4.0) -> 4 | M57: =IFERROR(__xludf.DUMMYFUNCTION("""COMPUTED_VALUE"""),46.0) -> 46 | N57: =IFERROR(__xludf.DUMMYFUNCTION("""COMPUTED_VALUE"""),22.0) -> 22 | O57: =IFERROR(__xludf.DUMMYFUNCTION("""COMPUTED_VALUE"""),22.0) -> 22 | T57: =IFERROR(__xludf.DUMMYFUNCTION("""COMPUTED_VALUE"""),"Y") -> Y | U57: =IFERROR(__xludf.DUMMYFUNCTION("""COMPUTED_VALUE"""),"3") -> 3 | W57: =IFERROR(__xludf.DUMMYFUNCTION("""COMPUTED_VALUE"""),45603.0) -> 45603 | X57: =IFERROR(__xludf.DUMMYFUNCTION("""COMPUTED_VALUE"""),45610.0) -> 45610 | Y57: =IFERROR(__xludf.DUMMYFUNCTION("""COMPUTED_VALUE"""),45631.0) -> 45631 | Z57: =IFERROR(__xludf.DUMMYFUNCTION("""COMPUTED_VALUE"""),"D37-2R") -> D37-2R | AE57: =IFERROR(__xludf.DUMMYFUNCTION("""COMPUTED_VALUE"""),244.0) -> 244 | AF57: =IFERROR(__xludf.DUMMYFUNCTION("""COMPUTED_VALUE"""),278.0) -> 278 | AG57: =IFERROR(__xludf.DUMMYFUNCTION("""COMPUTED_VALUE"""),18.0) -> 18 | AH57: =IFERROR(__xludf.DUMMYFUNCTION("""COMPUTED_VALUE"""),18.0) -> 18
A58: =IFERROR(__xludf.DUMMYFUNCTION("""COMPUTED_VALUE"""),"Y") -> Y | B58: =IFERROR(__xludf.DUMMYFUNCTION("""COMPUTED_VALUE"""),"3") -> 3 | D58: =IFERROR(__xludf.DUMMYFUNCTION("""COMPUTED_VALUE"""),45603.0) -> 45603 | E58: =IFERROR(__xludf.DUMMYFUNCTION("""COMPUTED_VALUE"""),45610.0) -> 45610 | F58: =IFERROR(__xludf.DUMMYFUNCTION("""COMPUTED_VALUE"""),45631.0) -> 45631 | G58: =IFERROR(__xludf.DUMMYFUNCTION("""COMPUTED_VALUE"""),"D37-2R") -> D37-2R | L58: =IFERROR(__xludf.DUMMYFUNCTION("""COMPUTED_VALUE"""),244.0) -> 244 | M58: =IFERROR(__xludf.DUMMYFUNCTION("""COMPUTED_VALUE"""),278.0) -> 278 | N58: =IFERROR(__xludf.DUMMYFUNCTION("""COMPUTED_VALUE"""),18.0) -> 18 | O58: =IFERROR(__xludf.DUMMYFUNCTION("""COMPUTED_VALUE"""),18.0) -> 18 | T58: =IFERROR(__xludf.DUMMYFUNCTION("""COMPUTED_VALUE"""),"Y") -> Y | U58: =IFERROR(__xludf.DUMMYFUNCTION("""COMPUTED_VALUE"""),"3") -> 3 | W58: =IFERROR(__xludf.DUMMYFUNCTION("""COMPUTED_VALUE"""),45603.0) -> 45603 | X58: =IFERROR(__xludf.DUMMYFUNCTION("""COMPUTED_VALUE"""),45610.0) -> 45610 | Y58: =IFERROR(__xludf.DUMMYFUNCTION("""COMPUTED_VALUE"""),45631.0) -> 45631 | Z58: =IFERROR(__xludf.DUMMYFUNCTION("""COMPUTED_VALUE"""),"D37-2R") -> D37-2R | AE58: =IFERROR(__xludf.DUMMYFUNCTION("""COMPUTED_VALUE"""),290.0) -> 290 | AF58: =IFERROR(__xludf.DUMMYFUNCTION("""COMPUTED_VALUE"""),310.0) -> 310 | AG58: =IFERROR(__xludf.DUMMYFUNCTION("""COMPUTED_VALUE"""),11.0) -> 11 | AH58: =IFERROR(__xludf.DUMMYFUNCTION("""COMPUTED_VALUE"""),11.0) -> 11
A59: =IFERROR(__xludf.DUMMYFUNCTION("""COMPUTED_VALUE"""),"Y") -> Y | B59: =IFERROR(__xludf.DUMMYFUNCTION("""COMPUTED_VALUE"""),"3") -> 3 | D59: =IFERROR(__xludf.DUMMYFUNCTION("""COMPUTED_VALUE"""),45603.0) -> 45603 | E59: =IFERROR(__xludf.DUMMYFUNCTION("""COMPUTED_VALUE"""),45610.0) -> 45610 | F59: =IFERROR(__xludf.DUMMYFUNCTION("""COMPUTED_VALUE"""),45631.0) -> 45631 | G59: =IFERROR(__xludf.DUMMYFUNCTION("""COMPUTED_VALUE"""),"D37-2R") -> D37-2R | L59: =IFERROR(__xludf.DUMMYFUNCTION("""COMPUTED_VALUE"""),290.0) -> 290 | M59: =IFERROR(__xludf.DUMMYFUNCTION("""COMPUTED_VALUE"""),310.0) -> 310 | N59: =IFERROR(__xludf.DUMMYFUNCTION("""COMPUTED_VALUE"""),11.0) -> 11 | O59: =IFERROR(__xludf.DUMMYFUNCTION("""COMPUTED_VALUE"""),11.0) -> 11 | T59: =IFERROR(__xludf.DUMMYFUNCTION("""COMPUTED_VALUE"""),"Y") -> Y | U59: =IFERROR(__xludf.DUMMYFUNCTION("""COMPUTED_VALUE"""),"3") -> 3 | W59: =IFERROR(__xludf.DUMMYFUNCTION("""COMPUTED_VALUE"""),45605.0) -> 45605 | X59: =IFERROR(__xludf.DUMMYFUNCTION("""COMPUTED_VALUE"""),45612.0) -> 45612 | Y59: =IFERROR(__xludf.DUMMYFUNCTION("""COMPUTED_VALUE"""),45633.0) -> 45633 | Z59: =IFERROR(__xludf.DUMMYFUNCTION("""COMPUTED_VALUE"""),"D37-2L") -> D37-2L | AA59: =IFERROR(__xludf.DUMMYFUNCTION("""COMPUTED_VALUE"""),45.0) -> 45 | AB59: =IFERROR(__xludf.DUMMYFUNCTION("""COMPUTED_VALUE"""),311.0) -> 311 | AC59: =IFERROR(__xludf.DUMMYFUNCTION("""COMPUTED_VALUE"""),134.0) -> 134 | AD59: =IFERROR(__xludf.DUMMYFUNCTION("""COMPUTED_VALUE"""),134.0) -> 134 | AE59: =IFERROR(__xludf.DUMMYFUNCTION("""COMPUTED_VALUE"""),4.0) -> 4 | AF59: =IFERROR(__xludf.DUMMYFUNCTION("""COMPUTED_VALUE"""),16.0) -> 16 | AG59: =IFERROR(__xludf.DUMMYFUNCTION("""COMPUTED_VALUE"""),7.0) -> 7 | AH59: =IFERROR(__xludf.DUMMYFUNCTION("""COMPUTED_VALUE"""),7.0) -> 7
A60: =IFERROR(__xludf.DUMMYFUNCTION("""COMPUTED_VALUE"""),"Y") -> Y | B60: =IFERROR(__xludf.DUMMYFUNCTION("""COMPUTED_VALUE"""),"3") -> 3 | D60: =IFERROR(__xludf.DUMMYFUNCTION("""COMPUTED_VALUE"""),45605.0) -> 45605 | E60: =IFERROR(__xludf.DUMMYFUNCTION("""COMPUTED_VALUE"""),45612.0) -> 45612 | F60: =IFERROR(__xludf.DUMMYFUNCTION("""COMPUTED_VALUE"""),45633.0) -> 45633 | G60: =IFERROR(__xludf.DUMMYFUNCTION("""COMPUTED_VALUE"""),"D37-2L") -> D37-2L | H60: =IFERROR(__xludf.DUMMYFUNCTION("""COMPUTED_VALUE"""),45.0) -> 45 | I60: =IFERROR(__xludf.DUMMYFUNCTION("""COMPUTED_VALUE"""),311.0) -> 311 | J60: =IFERROR(__xludf.DUMMYFUNCTION("""COMPUTED_VALUE"""),134.0) -> 134 | K60: =IFERROR(__xludf.DUMMYFUNCTION("""COMPUTED_VALUE"""),134.0) -> 134 | L60: =IFERROR(__xludf.DUMMYFUNCTION("""COMPUTED_VALUE"""),4.0) -> 4 | M60: =IFERROR(__xludf.DUMMYFUNCTION("""COMPUTED_VALUE"""),16.0) -> 16 | N60: =IFERROR(__xludf.DUMMYFUNCTION("""COMPUTED_VALUE"""),7.0) -> 7 | O60: =IFERROR(__xludf.DUMMYFUNCTION("""COMPUTED_VALUE"""),7.0) -> 7 | T60: =IFERROR(__xludf.DUMMYFUNCTION("""COMPUTED_VALUE"""),"Y") -> Y | U60: =IFERROR(__xludf.DUMMYFUNCTION("""COMPUTED_VALUE"""),"3") -> 3 | W60: =IFERROR(__xludf.DUMMYFUNCTION("""COMPUTED_VALUE"""),45606.0) -> 45606 | X60: =IFERROR(__xludf.DUMMYFUNCTION("""COMPUTED_VALUE"""),45613.0) -> 45613 | Y60: =IFERROR(__xludf.DUMMYFUNCTION("""COMPUTED_VALUE"""),45634.0) -> 45634 | Z60: =IFERROR(__xludf.DUMMYFUNCTION("""COMPUTED_VALUE"""),"D37-2L") -> D37-2L | AE60: =IFERROR(__xludf.DUMMYFUNCTION("""COMPUTED_VALUE"""),18.0) -> 18 | AF60: =IFERROR(__xludf.DUMMYFUNCTION("""COMPUTED_VALUE"""),254.0) -> 254 | AG60: =IFERROR(__xludf.DUMMYFUNCTION("""COMPUTED_VALUE"""),119.0) -> 119 | AH60: =IFERROR(__xludf.DUMMYFUNCTION("""COMPUTED_VALUE"""),119.0) -> 119
A61: =IFERROR(__xludf.DUMMYFUNCTION("""COMPUTED_VALUE"""),"Y") -> Y | B61: =IFERROR(__xludf.DUMMYFUNCTION("""COMPUTED_VALUE"""),"3") -> 3 | D61: =IFERROR(__xludf.DUMMYFUNCTION("""COMPUTED_VALUE"""),45606.0) -> 45606 | E61: =IFERROR(__xludf.DUMMYFUNCTION("""COMPUTED_VALUE"""),45613.0) -> 45613 | F61: =IFERROR(__xludf.DUMMYFUNCTION("""COMPUTED_VALUE"""),45634.0) -> 45634 | G61: =IFERROR(__xludf.DUMMYFUNCTION("""COMPUTED_VALUE"""),"D37-2L") -> D37-2L | L61: =IFERROR(__xludf.DUMMYFUNCTION("""COMPUTED_VALUE"""),18.0) -> 18 | M61: =IFERROR(__xludf.DUMMYFUNCTION("""COMPUTED_VALUE"""),254.0) -> 254 | N61: =IFERROR(__xludf.DUMMYFUNCTION("""COMPUTED_VALUE"""),119.0) -> 119 | O61: =IFERROR(__xludf.DUMMYFUNCTION("""COMPUTED_VALUE"""),119.0) -> 119 | T61: =IFERROR(__xludf.DUMMYFUNCTION("""COMPUTED_VALUE"""),"Y") -> Y | U61: =IFERROR(__xludf.DUMMYFUNCTION("""COMPUTED_VALUE"""),"3") -> 3 | V61: =IFERROR(__xludf.DUMMYFUNCTION("""COMPUTED_VALUE"""),"397-402") -> 397-402 | W61: =IFERROR(__xludf.DUMMYFUNCTION("""COMPUTED_VALUE"""),45608.0) -> 45608 | X61: =IFERROR(__xludf.DUMMYFUNCTION("""COMPUTED_VALUE"""),45615.0) -> 45615 | Y61: =IFERROR(__xludf.DUMMYFUNCTION("""COMPUTED_VALUE"""),45636.0) -> 45636 | Z61: =IFERROR(__xludf.DUMMYFUNCTION("""COMPUTED_VALUE"""),"D34-4L") -> D34-4L | AA61: =IFERROR(__xludf.DUMMYFUNCTION("""COMPUTED_VALUE"""),129.0) -> 129 | AB61: =IFERROR(__xludf.DUMMYFUNCTION("""COMPUTED_VALUE"""),187.0) -> 187 | AC61: =IFERROR(__xludf.DUMMYFUNCTION("""COMPUTED_VALUE"""),30.0) -> 30 | AD61: =IFERROR(__xludf.DUMMYFUNCTION("""COMPUTED_VALUE"""),30.0) -> 30 | AE61: =IFERROR(__xludf.DUMMYFUNCTION("""COMPUTED_VALUE"""),4.0) -> 4 | AF61: =IFERROR(__xludf.DUMMYFUNCTION("""COMPUTED_VALUE"""),130.0) -> 130 | AG61: =IFERROR(__xludf.DUMMYFUNCTION("""COMPUTED_VALUE"""),64.0) -> 64 | AH61: =IFERROR(__xludf.DUMMYFUNCTION("""COMPUTED_VALUE"""),64.0) -> 64
A62: =IFERROR(__xludf.DUMMYFUNCTION("""COMPUTED_VALUE"""),"Y") -> Y | B62: =IFERROR(__xludf.DUMMYFUNCTION("""COMPUTED_VALUE"""),"3") -> 3 | C62: =IFERROR(__xludf.DUMMYFUNCTION("""COMPUTED_VALUE"""),"397-402") -> 397-402 | D62: =IFERROR(__xludf.DUMMYFUNCTION("""COMPUTED_VALUE"""),45608.0) -> 45608 | E62: =IFERROR(__xludf.DUMMYFUNCTION("""COMPUTED_VALUE"""),45615.0) -> 45615 | F62: =IFERROR(__xludf.DUMMYFUNCTION("""COMPUTED_VALUE"""),45636.0) -> 45636 | G62: =IFERROR(__xludf.DUMMYFUNCTION("""COMPUTED_VALUE"""),"D34-4L") -> D34-4L | H62: =IFERROR(__xludf.DUMMYFUNCTION("""COMPUTED_VALUE"""),129.0) -> 129 | I62: =IFERROR(__xludf.DUMMYFUNCTION("""COMPUTED_VALUE"""),187.0) -> 187 | J62: =IFERROR(__xludf.DUMMYFUNCTION("""COMPUTED_VALUE"""),30.0) -> 30 | K62: =IFERROR(__xludf.DUMMYFUNCTION("""COMPUTED_VALUE"""),30.0) -> 30 | L62: =IFERROR(__xludf.DUMMYFUNCTION("""COMPUTED_VALUE"""),4.0) -> 4 | M62: =IFERROR(__xludf.DUMMYFUNCTION("""COMPUTED_VALUE"""),130.0) -> 130 | N62: =IFERROR(__xludf.DUMMYFUNCTION("""COMPUTED_VALUE"""),64.0) -> 64 | O62: =IFERROR(__xludf.DUMMYFUNCTION("""COMPUTED_VALUE"""),64.0) -> 64 | T62: =IFERROR(__xludf.DUMMYFUNCTION("""COMPUTED_VALUE"""),"Y") -> Y | U62: =IFERROR(__xludf.DUMMYFUNCTION("""COMPUTED_VALUE"""),"3") -> 3 | V62: =IFERROR(__xludf.DUMMYFUNCTION("""COMPUTED_VALUE"""),"397-402") -> 397-402 | W62: =IFERROR(__xludf.DUMMYFUNCTION("""COMPUTED_VALUE"""),45608.0) -> 45608 | X62: =IFERROR(__xludf.DUMMYFUNCTION("""COMPUTED_VALUE"""),45615.0) -> 45615 | Y62: =IFERROR(__xludf.DUMMYFUNCTION("""COMPUTED_VALUE"""),45636.0) -> 45636 | Z62: =IFERROR(__xludf.DUMMYFUNCTION("""COMPUTED_VALUE"""),"D34-4R") -> D34-4R | AE62: =IFERROR(__xludf.DUMMYFUNCTION("""COMPUTED_VALUE"""),78.0) -> 78 | AF62: =IFERROR(__xludf.DUMMYFUNCTION("""COMPUTED_VALUE"""),94.0) -> 94 | AG62: =IFERROR(__xludf.DUMMYFUNCTION("""COMPUTED_VALUE"""),9.0) -> 9 | AH62: =IFERROR(__xludf.DUMMYFUNCTION("""COMPUTED_VALUE"""),9.0) -> 9
A63: =IFERROR(__xludf.DUMMYFUNCTION("""COMPUTED_VALUE"""),"Y") -> Y | B63: =IFERROR(__xludf.DUMMYFUNCTION("""COMPUTED_VALUE"""),"3") -> 3 | C63: =IFERROR(__xludf.DUMMYFUNCTION("""COMPUTED_VALUE"""),"397-402") -> 397-402 | D63: =IFERROR(__xludf.DUMMYFUNCTION("""COMPUTED_VALUE"""),45608.0) -> 45608 | E63: =IFERROR(__xludf.DUMMYFUNCTION("""COMPUTED_VALUE"""),45615.0) -> 45615 | F63: =IFERROR(__xludf.DUMMYFUNCTION("""COMPUTED_VALUE"""),45636.0) -> 45636 | G63: =IFERROR(__xludf.DUMMYFUNCTION("""COMPUTED_VALUE"""),"D34-4R") -> D34-4R | L63: =IFERROR(__xludf.DUMMYFUNCTION("""COMPUTED_VALUE"""),78.0) -> 78 | M63: =IFERROR(__xludf.DUMMYFUNCTION("""COMPUTED_VALUE"""),94.0) -> 94 | N63: =IFERROR(__xludf.DUMMYFUNCTION("""COMPUTED_VALUE"""),9.0) -> 9 | O63: =IFERROR(__xludf.DUMMYFUNCTION("""COMPUTED_VALUE"""),9.0) -> 9 | T63: =IFERROR(__xludf.DUMMYFUNCTION("""COMPUTED_VALUE"""),"Y") -> Y | U63: =IFERROR(__xludf.DUMMYFUNCTION("""COMPUTED_VALUE"""),"3") -> 3 | V63: =IFERROR(__xludf.DUMMYFUNCTION("""COMPUTED_VALUE"""),"397-402") -> 397-402 | W63: =IFERROR(__xludf.DUMMYFUNCTION("""COMPUTED_VALUE"""),45608.0) -> 45608 | X63: =IFERROR(__xludf.DUMMYFUNCTION("""COMPUTED_VALUE"""),45615.0) -> 45615 | Y63: =IFERROR(__xludf.DUMMYFUNCTION("""COMPUTED_VALUE"""),45636.0) -> 45636 | Z63: =IFERROR(__xludf.DUMMYFUNCTION("""COMPUTED_VALUE"""),"D34-1L") -> D34-1L | AE63: =IFERROR(__xludf.DUMMYFUNCTION("""COMPUTED_VALUE"""),268.0) -> 268 | AF63: =IFERROR(__xludf.DUMMYFUNCTION("""COMPUTED_VALUE"""),286.0) -> 286 | AG63: =IFERROR(__xludf.DUMMYFUNCTION("""COMPUTED_VALUE"""),10.0) -> 10 | AH63: =IFERROR(__xludf.DUMMYFUNCTION("""COMPUTED_VALUE"""),10.0) -> 10
A64: =IFERROR(__xludf.DUMMYFUNCTION("""COMPUTED_VALUE"""),"Y") -> Y | B64: =IFERROR(__xludf.DUMMYFUNCTION("""COMPUTED_VALUE"""),"3") -> 3 | C64: =IFERROR(__xludf.DUMMYFUNCTION("""COMPUTED_VALUE"""),"397-402") -> 397-402 | D64: =IFERROR(__xludf.DUMMYFUNCTION("""COMPUTED_VALUE"""),45608.0) -> 45608 | E64: =IFERROR(__xludf.DUMMYFUNCTION("""COMPUTED_VALUE"""),45615.0) -> 45615 | F64: =IFERROR(__xludf.DUMMYFUNCTION("""COMPUTED_VALUE"""),45636.0) -> 45636 | G64: =IFERROR(__xludf.DUMMYFUNCTION("""COMPUTED_VALUE"""),"D34-1L") -> D34-1L | L64: =IFERROR(__xludf.DUMMYFUNCTION("""COMPUTED_VALUE"""),268.0) -> 268 | M64: =IFERROR(__xludf.DUMMYFUNCTION("""COMPUTED_VALUE"""),286.0) -> 286 | N64: =IFERROR(__xludf.DUMMYFUNCTION("""COMPUTED_VALUE"""),10.0) -> 10 | O64: =IFERROR(__xludf.DUMMYFUNCTION("""COMPUTED_VALUE"""),10.0) -> 10 | T64: =IFERROR(__xludf.DUMMYFUNCTION("""COMPUTED_VALUE"""),"Y") -> Y | U64: =IFERROR(__xludf.DUMMYFUNCTION("""COMPUTED_VALUE"""),"3") -> 3 | W64: =IFERROR(__xludf.DUMMYFUNCTION("""COMPUTED_VALUE"""),45608.0) -> 45608 | X64: =IFERROR(__xludf.DUMMYFUNCTION("""COMPUTED_VALUE"""),45615.0) -> 45615 | Y64: =IFERROR(__xludf.DUMMYFUNCTION("""COMPUTED_VALUE"""),45636.0) -> 45636 | Z64: =IFERROR(__xludf.DUMMYFUNCTION("""COMPUTED_VALUE"""),"D37-2L") -> D37-2L | AE64: =IFERROR(__xludf.DUMMYFUNCTION("""COMPUTED_VALUE"""),256.0) -> 256 | AF64: =IFERROR(__xludf.DUMMYFUNCTION("""COMPUTED_VALUE"""),312.0) -> 312 | AG64: =IFERROR(__xludf.DUMMYFUNCTION("""COMPUTED_VALUE"""),29.0) -> 29 | AH64: =IFERROR(__xludf.DUMMYFUNCTION("""COMPUTED_VALUE"""),29.0) -> 29
A65: =IFERROR(__xludf.DUMMYFUNCTION("""COMPUTED_VALUE"""),"Y") -> Y | B65: =IFERROR(__xludf.DUMMYFUNCTION("""COMPUTED_VALUE"""),"3") -> 3 | D65: =IFERROR(__xludf.DUMMYFUNCTION("""COMPUTED_VALUE"""),45608.0) -> 45608 | E65: =IFERROR(__xludf.DUMMYFUNCTION("""COMPUTED_VALUE"""),45615.0) -> 45615 | F65: =IFERROR(__xludf.DUMMYFUNCTION("""COMPUTED_VALUE"""),45636.0) -> 45636 | G65: =IFERROR(__xludf.DUMMYFUNCTION("""COMPUTED_VALUE"""),"D37-2L") -> D37-2L | L65: =IFERROR(__xludf.DUMMYFUNCTION("""COMPUTED_VALUE"""),256.0) -> 256 | M65: =IFERROR(__xludf.DUMMYFUNCTION("""COMPUTED_VALUE"""),312.0) -> 312 | N65: =IFERROR(__xludf.DUMMYFUNCTION("""COMPUTED_VALUE"""),29.0) -> 29 | O65: =IFERROR(__xludf.DUMMYFUNCTION("""COMPUTED_VALUE"""),29.0) -> 29 | T65: =IFERROR(__xludf.DUMMYFUNCTION("""COMPUTED_VALUE"""),"Y") -> Y | U65: =IFERROR(__xludf.DUMMYFUNCTION("""COMPUTED_VALUE"""),"3") -> 3 | W65: =IFERROR(__xludf.DUMMYFUNCTION("""COMPUTED_VALUE"""),45608.0) -> 45608 | X65: =IFERROR(__xludf.DUMMYFUNCTION("""COMPUTED_VALUE"""),45615.0) -> 45615 | Y65: =IFERROR(__xludf.DUMMYFUNCTION("""COMPUTED_VALUE"""),45636.0) -> 45636 | Z65: =IFERROR(__xludf.DUMMYFUNCTION("""COMPUTED_VALUE"""),"D37-1L") -> D37-1L | AA65: =IFERROR(__xludf.DUMMYFUNCTION("""COMPUTED_VALUE"""),3.0) -> 3 | AB65: =IFERROR(__xludf.DUMMYFUNCTION("""COMPUTED_VALUE"""),161.0) -> 161 | AC65: =IFERROR(__xludf.DUMMYFUNCTION("""COMPUTED_VALUE"""),80.0) -> 80 | AD65: =IFERROR(__xludf.DUMMYFUNCTION("""COMPUTED_VALUE"""),80.0) -> 80
A66: =IFERROR(__xludf.DUMMYFUNCTION("""COMPUTED_VALUE"""),"Y") -> Y | B66: =IFERROR(__xludf.DUMMYFUNCTION("""COMPUTED_VALUE"""),"3") -> 3 | D66: =IFERROR(__xludf.DUMMYFUNCTION("""COMPUTED_VALUE"""),45608.0) -> 45608 | E66: =IFERROR(__xludf.DUMMYFUNCTION("""COMPUTED_VALUE"""),45615.0) -> 45615 | F66: =IFERROR(__xludf.DUMMYFUNCTION("""COMPUTED_VALUE"""),45636.0) -> 45636 | G66: =IFERROR(__xludf.DUMMYFUNCTION("""COMPUTED_VALUE"""),"D37-1L") -> D37-1L | H66: =IFERROR(__xludf.DUMMYFUNCTION("""COMPUTED_VALUE"""),3.0) -> 3 | I66: =IFERROR(__xludf.DUMMYFUNCTION("""COMPUTED_VALUE"""),161.0) -> 161 | J66: =IFERROR(__xludf.DUMMYFUNCTION("""COMPUTED_VALUE"""),80.0) -> 80 | K66: =IFERROR(__xludf.DUMMYFUNCTION("""COMPUTED_VALUE"""),80.0) -> 80 | T66: =IFERROR(__xludf.DUMMYFUNCTION("""COMPUTED_VALUE"""),"Y") -> Y | U66: =IFERROR(__xludf.DUMMYFUNCTION("""COMPUTED_VALUE"""),"3") -> 3 | V66: =IFERROR(__xludf.DUMMYFUNCTION("""COMPUTED_VALUE"""),"409-414") -> 409-414 | W66: =IFERROR(__xludf.DUMMYFUNCTION("""COMPUTED_VALUE"""),45609.0) -> 45609 | X66: =IFERROR(__xludf.DUMMYFUNCTION("""COMPUTED_VALUE"""),45616.0) -> 45616 | Y66: =IFERROR(__xludf.DUMMYFUNCTION("""COMPUTED_VALUE"""),45637.0) -> 45637 | Z66: =IFERROR(__xludf.DUMMYFUNCTION("""COMPUTED_VALUE"""),"D34-4R") -> D34-4R | AE66: =IFERROR(__xludf.DUMMYFUNCTION("""COMPUTED_VALUE"""),112.0) -> 112 | AF66: =IFERROR(__xludf.DUMMYFUNCTION("""COMPUTED_VALUE"""),308.0) -> 308 | AG66: =IFERROR(__xludf.DUMMYFUNCTION("""COMPUTED_VALUE"""),99.0) -> 99 | AH66: =IFERROR(__xludf.DUMMYFUNCTION("""COMPUTED_VALUE"""),99.0) -> 99
A67: =IFERROR(__xludf.DUMMYFUNCTION("""COMPUTED_VALUE"""),"Y") -> Y | B67: =IFERROR(__xludf.DUMMYFUNCTION("""COMPUTED_VALUE"""),"3") -> 3 | C67: =IFERROR(__xludf.DUMMYFUNCTION("""COMPUTED_VALUE"""),"409-414") -> 409-414 | D67: =IFERROR(__xludf.DUMMYFUNCTION("""COMPUTED_VALUE"""),45609.0) -> 45609 | E67: =IFERROR(__xludf.DUMMYFUNCTION("""COMPUTED_VALUE"""),45616.0) -> 45616 | F67: =IFERROR(__xludf.DUMMYFUNCTION("""COMPUTED_VALUE"""),45637.0) -> 45637 | G67: =IFERROR(__xludf.DUMMYFUNCTION("""COMPUTED_VALUE"""),"D34-4R") -> D34-4R | L67: =IFERROR(__xludf.DUMMYFUNCTION("""COMPUTED_VALUE"""),112.0) -> 112 | M67: =IFERROR(__xludf.DUMMYFUNCTION("""COMPUTED_VALUE"""),308.0) -> 308 | N67: =IFERROR(__xludf.DUMMYFUNCTION("""COMPUTED_VALUE"""),99.0) -> 99 | O67: =IFERROR(__xludf.DUMMYFUNCTION("""COMPUTED_VALUE"""),99.0) -> 99 | T67: =IFERROR(__xludf.DUMMYFUNCTION("""COMPUTED_VALUE"""),"Y") -> Y | U67: =IFERROR(__xludf.DUMMYFUNCTION("""COMPUTED_VALUE"""),"3") -> 3 | V67: =IFERROR(__xludf.DUMMYFUNCTION("""COMPUTED_VALUE"""),"409-414") -> 409-414 | W67: =IFERROR(__xludf.DUMMYFUNCTION("""COMPUTED_VALUE"""),45609.0) -> 45609 | X67: =IFERROR(__xludf.DUMMYFUNCTION("""COMPUTED_VALUE"""),45616.0) -> 45616 | Y67: =IFERROR(__xludf.DUMMYFUNCTION("""COMPUTED_VALUE"""),45637.0) -> 45637 | Z67: =IFERROR(__xludf.DUMMYFUNCTION("""COMPUTED_VALUE"""),"D34-1L") -> D34-1L | AE67: =IFERROR(__xludf.DUMMYFUNCTION("""COMPUTED_VALUE"""),2.0) -> 2 | AF67: =IFERROR(__xludf.DUMMYFUNCTION("""COMPUTED_VALUE"""),2.0) -> 2 | AG67: =IFERROR(__xludf.DUMMYFUNCTION("""COMPUTED_VALUE"""),1.0) -> 1 | AH67: =IFERROR(__xludf.DUMMYFUNCTION("""COMPUTED_VALUE"""),1.0) -> 1
A68: =IFERROR(__xludf.DUMMYFUNCTION("""COMPUTED_VALUE"""),"Y") -> Y | B68: =IFERROR(__xludf.DUMMYFUNCTION("""COMPUTED_VALUE"""),"3") -> 3 | C68: =IFERROR(__xludf.DUMMYFUNCTION("""COMPUTED_VALUE"""),"409-414") -> 409-414 | D68: =IFERROR(__xludf.DUMMYFUNCTION("""COMPUTED_VALUE"""),45609.0) -> 45609 | E68: =IFERROR(__xludf.DUMMYFUNCTION("""COMPUTED_VALUE"""),45616.0) -> 45616 | F68: =IFERROR(__xludf.DUMMYFUNCTION("""COMPUTED_VALUE"""),45637.0) -> 45637 | G68: =IFERROR(__xludf.DUMMYFUNCTION("""COMPUTED_VALUE"""),"D34-1L") -> D34-1L | L68: =IFERROR(__xludf.DUMMYFUNCTION("""COMPUTED_VALUE"""),2.0) -> 2 | M68: =IFERROR(__xludf.DUMMYFUNCTION("""COMPUTED_VALUE"""),2.0) -> 2 | N68: =IFERROR(__xludf.DUMMYFUNCTION("""COMPUTED_VALUE"""),1.0) -> 1 | O68: =IFERROR(__xludf.DUMMYFUNCTION("""COMPUTED_VALUE"""),1.0) -> 1 | T68: =IFERROR(__xludf.DUMMYFUNCTION("""COMPUTED_VALUE"""),"Y") -> Y | U68: =IFERROR(__xludf.DUMMYFUNCTION("""COMPUTED_VALUE"""),"3") -> 3 | V68: =IFERROR(__xludf.DUMMYFUNCTION("""COMPUTED_VALUE"""),"409-414") -> 409-414 | W68: =IFERROR(__xludf.DUMMYFUNCTION("""COMPUTED_VALUE"""),45609.0) -> 45609 | X68: =IFERROR(__xludf.DUMMYFUNCTION("""COMPUTED_VALUE"""),45616.0) -> 45616 | Y68: =IFERROR(__xludf.DUMMYFUNCTION("""COMPUTED_VALUE"""),45637.0) -> 45637 | Z68: =IFERROR(__xludf.DUMMYFUNCTION("""COMPUTED_VALUE"""),"D34-1L") -> D34-1L | AE68: =IFERROR(__xludf.DUMMYFUNCTION("""COMPUTED_VALUE"""),288.0) -> 288 | AF68: =IFERROR(__xludf.DUMMYFUNCTION("""COMPUTED_VALUE"""),298.0) -> 298 | AG68: =IFERROR(__xludf.DUMMYFUNCTION("""COMPUTED_VALUE"""),6.0) -> 6 | AH68: =IFERROR(__xludf.DUMMYFUNCTION("""COMPUTED_VALUE"""),6.0) -> 6
A69: =IFERROR(__xludf.DUMMYFUNCTION("""COMPUTED_VALUE"""),"Y") -> Y | B69: =IFERROR(__xludf.DUMMYFUNCTION("""COMPUTED_VALUE"""),"3") -> 3 | C69: =IFERROR(__xludf.DUMMYFUNCTION("""COMPUTED_VALUE"""),"409-414") -> 409-414 | D69: =IFERROR(__xludf.DUMMYFUNCTION("""COMPUTED_VALUE"""),45609.0) -> 45609 | E69: =IFERROR(__xludf.DUMMYFUNCTION("""COMPUTED_VALUE"""),45616.0) -> 45616 | F69: =IFERROR(__xludf.DUMMYFUNCTION("""COMPUTED_VALUE"""),45637.0) -> 45637 | G69: =IFERROR(__xludf.DUMMYFUNCTION("""COMPUTED_VALUE"""),"D34-1L") -> D34-1L | L69: =IFERROR(__xludf.DUMMYFUNCTION("""COMPUTED_VALUE"""),288.0) -> 288 | M69: =IFERROR(__xludf.DUMMYFUNCTION("""COMPUTED_VALUE"""),298.0) -> 298 | N69: =IFERROR(__xludf.DUMMYFUNCTION("""COMPUTED_VALUE"""),6.0) -> 6 | O69: =IFERROR(__xludf.DUMMYFUNCTION("""COMPUTED_VALUE"""),6.0) -> 6 | T69: =IFERROR(__xludf.DUMMYFUNCTION("""COMPUTED_VALUE"""),"Y") -> Y | U69: =IFERROR(__xludf.DUMMYFUNCTION("""COMPUTED_VALUE"""),"3") -> 3 | W69: =IFERROR(__xludf.DUMMYFUNCTION("""COMPUTED_VALUE"""),45609.0) -> 45609 | X69: =IFERROR(__xludf.DUMMYFUNCTION("""COMPUTED_VALUE"""),45616.0) -> 45616 | Y69: =IFERROR(__xludf.DUMMYFUNCTION("""COMPUTED_VALUE"""),45637.0) -> 45637 | Z69: =IFERROR(__xludf.DUMMYFUNCTION("""COMPUTED_VALUE"""),"D37-1L") -> D37-1L | AA69: =IFERROR(__xludf.DUMMYFUNCTION("""COMPUTED_VALUE"""),163.0) -> 163 | AB69: =IFERROR(__xludf.DUMMYFUNCTION("""COMPUTED_VALUE"""),189.0) -> 189 | AC69: =IFERROR(__xludf.DUMMYFUNCTION("""COMPUTED_VALUE"""),14.0) -> 14 | AD69: =IFERROR(__xludf.DUMMYFUNCTION("""COMPUTED_VALUE"""),14.0) -> 14 | AE69: =IFERROR(__xludf.DUMMYFUNCTION("""COMPUTED_VALUE"""),4.0) -> 4 | AF69: =IFERROR(__xludf.DUMMYFUNCTION("""COMPUTED_VALUE"""),162.0) -> 162 | AG69: =IFERROR(__xludf.DUMMYFUNCTION("""COMPUTED_VALUE"""),80.0) -> 80 | AH69: =IFERROR(__xludf.DUMMYFUNCTION("""COMPUTED_VALUE"""),80.0) -> 80
A70: =IFERROR(__xludf.DUMMYFUNCTION("""COMPUTED_VALUE"""),"Y") -> Y | B70: =IFERROR(__xludf.DUMMYFUNCTION("""COMPUTED_VALUE"""),"3") -> 3 | D70: =IFERROR(__xludf.DUMMYFUNCTION("""COMPUTED_VALUE"""),45609.0) -> 45609 | E70: =IFERROR(__xludf.DUMMYFUNCTION("""COMPUTED_VALUE"""),45616.0) -> 45616 | F70: =IFERROR(__xludf.DUMMYFUNCTION("""COMPUTED_VALUE"""),45637.0) -> 45637 | G70: =IFERROR(__xludf.DUMMYFUNCTION("""COMPUTED_VALUE"""),"D37-1L") -> D37-1L | H70: =IFERROR(__xludf.DUMMYFUNCTION("""COMPUTED_VALUE"""),163.0) -> 163 | I70: =IFERROR(__xludf.DUMMYFUNCTION("""COMPUTED_VALUE"""),189.0) -> 189 | J70: =IFERROR(__xludf.DUMMYFUNCTION("""COMPUTED_VALUE"""),14.0) -> 14 | K70: =IFERROR(__xludf.DUMMYFUNCTION("""COMPUTED_VALUE"""),14.0) -> 14 | L70: =IFERROR(__xludf.DUMMYFUNCTION("""COMPUTED_VALUE"""),4.0) -> 4 | M70: =IFERROR(__xludf.DUMMYFUNCTION("""COMPUTED_VALUE"""),162.0) -> 162 | N70: =IFERROR(__xludf.DUMMYFUNCTION("""COMPUTED_VALUE"""),80.0) -> 80 | O70: =IFERROR(__xludf.DUMMYFUNCTION("""COMPUTED_VALUE"""),80.0) -> 80 | T70: =IFERROR(__xludf.DUMMYFUNCTION("""COMPUTED_VALUE"""),"Y") -> Y | U70: =IFERROR(__xludf.DUMMYFUNCTION("""COMPUTED_VALUE"""),"3") -> 3 | W70: =IFERROR(__xludf.DUMMYFUNCTION("""COMPUTED_VALUE"""),45609.0) -> 45609 | X70: =IFERROR(__xludf.DUMMYFUNCTION("""COMPUTED_VALUE"""),45616.0) -> 45616 | Y70: =IFERROR(__xludf.DUMMYFUNCTION("""COMPUTED_VALUE"""),45637.0) -> 45637 | Z70: =IFERROR(__xludf.DUMMYFUNCTION("""COMPUTED_VALUE"""),"D34-2R") -> D34-2R | AA70: =IFERROR(__xludf.DUMMYFUNCTION("""COMPUTED_VALUE"""),263.0) -> 263 | AB70: =IFERROR(__xludf.DUMMYFUNCTION("""COMPUTED_VALUE"""),263.0) -> 263 | AC70: =IFERROR(__xludf.DUMMYFUNCTION("""COMPUTED_VALUE"""),1.0) -> 1 | AD70: =IFERROR(__xludf.DUMMYFUNCTION("""COMPUTED_VALUE"""),1.0) -> 1
A71: =IFERROR(__xludf.DUMMYFUNCTION("""COMPUTED_VALUE"""),"Y") -> Y | B71: =IFERROR(__xludf.DUMMYFUNCTION("""COMPUTED_VALUE"""),"3") -> 3 | D71: =IFERROR(__xludf.DUMMYFUNCTION("""COMPUTED_VALUE"""),45609.0) -> 45609 | E71: =IFERROR(__xludf.DUMMYFUNCTION("""COMPUTED_VALUE"""),45616.0) -> 45616 | F71: =IFERROR(__xludf.DUMMYFUNCTION("""COMPUTED_VALUE"""),45637.0) -> 45637 | G71: =IFERROR(__xludf.DUMMYFUNCTION("""COMPUTED_VALUE"""),"D34-2R") -> D34-2R | H71: =IFERROR(__xludf.DUMMYFUNCTION("""COMPUTED_VALUE"""),263.0) -> 263 | I71: =IFERROR(__xludf.DUMMYFUNCTION("""COMPUTED_VALUE"""),263.0) -> 263 | J71: =IFERROR(__xludf.DUMMYFUNCTION("""COMPUTED_VALUE"""),1.0) -> 1 | K71: =IFERROR(__xludf.DUMMYFUNCTION("""COMPUTED_VALUE"""),1.0) -> 1 | T71: =IFERROR(__xludf.DUMMYFUNCTION("""COMPUTED_VALUE"""),"Y") -> Y | U71: =IFERROR(__xludf.DUMMYFUNCTION("""COMPUTED_VALUE"""),"3") -> 3 | W71: =IFERROR(__xludf.DUMMYFUNCTION("""COMPUTED_VALUE"""),45609.0) -> 45609 | X71: =IFERROR(__xludf.DUMMYFUNCTION("""COMPUTED_VALUE"""),45616.0) -> 45616 | Y71: =IFERROR(__xludf.DUMMYFUNCTION("""COMPUTED_VALUE"""),45637.0) -> 45637 | Z71: =IFERROR(__xludf.DUMMYFUNCTION("""COMPUTED_VALUE"""),"D34-2R") -> D34-2R | AA71: =IFERROR(__xludf.DUMMYFUNCTION("""COMPUTED_VALUE"""),271.0) -> 271 | AB71: =IFERROR(__xludf.DUMMYFUNCTION("""COMPUTED_VALUE"""),277.0) -> 277 | AC71: =IFERROR(__xludf.DUMMYFUNCTION("""COMPUTED_VALUE"""),4.0) -> 4 | AD71: =IFERROR(__xludf.DUMMYFUNCTION("""COMPUTED_VALUE"""),4.0) -> 4 | AE71: =IFERROR(__xludf.DUMMYFUNCTION("""COMPUTED_VALUE"""),278.0) -> 278 | AF71: =IFERROR(__xludf.DUMMYFUNCTION("""COMPUTED_VALUE"""),284.0) -> 284 | AG71: =IFERROR(__xludf.DUMMYFUNCTION("""COMPUTED_VALUE"""),4.0) -> 4 | AH71: =IFERROR(__xludf.DUMMYFUNCTION("""COMPUTED_VALUE"""),4.0) -> 4
A72: =IFERROR(__xludf.DUMMYFUNCTION("""COMPUTED_VALUE"""),"Y") -> Y | B72: =IFERROR(__xludf.DUMMYFUNCTION("""COMPUTED_VALUE"""),"3") -> 3 | D72: =IFERROR(__xludf.DUMMYFUNCTION("""COMPUTED_VALUE"""),45609.0) -> 45609 | E72: =IFERROR(__xludf.DUMMYFUNCTION("""COMPUTED_VALUE"""),45616.0) -> 45616 | F72: =IFERROR(__xludf.DUMMYFUNCTION("""COMPUTED_VALUE"""),45637.0) -> 45637 | G72: =IFERROR(__xludf.DUMMYFUNCTION("""COMPUTED_VALUE"""),"D34-2R") -> D34-2R | H72: =IFERROR(__xludf.DUMMYFUNCTION("""COMPUTED_VALUE"""),271.0) -> 271 | I72: =IFERROR(__xludf.DUMMYFUNCTION("""COMPUTED_VALUE"""),277.0) -> 277 | J72: =IFERROR(__xludf.DUMMYFUNCTION("""COMPUTED_VALUE"""),4.0) -> 4 | K72: =IFERROR(__xludf.DUMMYFUNCTION("""COMPUTED_VALUE"""),4.0) -> 4 | L72: =IFERROR(__xludf.DUMMYFUNCTION("""COMPUTED_VALUE"""),278.0) -> 278 | M72: =IFERROR(__xludf.DUMMYFUNCTION("""COMPUTED_VALUE"""),284.0) -> 284 | N72: =IFERROR(__xludf.DUMMYFUNCTION("""COMPUTED_VALUE"""),4.0) -> 4 | O72: =IFERROR(__xludf.DUMMYFUNCTION("""COMPUTED_VALUE"""),4.0) -> 4 | T72: =IFERROR(__xludf.DUMMYFUNCTION("""COMPUTED_VALUE"""),"Y") -> Y | U72: =IFERROR(__xludf.DUMMYFUNCTION("""COMPUTED_VALUE"""),"3") -> 3 | W72: =IFERROR(__xludf.DUMMYFUNCTION("""COMPUTED_VALUE"""),45610.0) -> 45610 | X72: =IFERROR(__xludf.DUMMYFUNCTION("""COMPUTED_VALUE"""),45617.0) -> 45617 | Y72: =IFERROR(__xludf.DUMMYFUNCTION("""COMPUTED_VALUE"""),45638.0) -> 45638 | Z72: =IFERROR(__xludf.DUMMYFUNCTION("""COMPUTED_VALUE"""),"D38-1L") -> D38-1L | AE72: =IFERROR(__xludf.DUMMYFUNCTION("""COMPUTED_VALUE"""),4.0) -> 4 | AF72: =IFERROR(__xludf.DUMMYFUNCTION("""COMPUTED_VALUE"""),156.0) -> 156 | AG72: =IFERROR(__xludf.DUMMYFUNCTION("""COMPUTED_VALUE"""),77.0) -> 77 | AH72: =IFERROR(__xludf.DUMMYFUNCTION("""COMPUTED_VALUE"""),77.0) -> 77
A73: =IFERROR(__xludf.DUMMYFUNCTION("""COMPUTED_VALUE"""),"Y") -> Y | B73: =IFERROR(__xludf.DUMMYFUNCTION("""COMPUTED_VALUE"""),"3") -> 3 | D73: =IFERROR(__xludf.DUMMYFUNCTION("""COMPUTED_VALUE"""),45610.0) -> 45610 | E73: =IFERROR(__xludf.DUMMYFUNCTION("""COMPUTED_VALUE"""),45617.0) -> 45617 | F73: =IFERROR(__xludf.DUMMYFUNCTION("""COMPUTED_VALUE"""),45638.0) -> 45638 | G73: =IFERROR(__xludf.DUMMYFUNCTION("""COMPUTED_VALUE"""),"D38-1L") -> D38-1L | L73: =IFERROR(__xludf.DUMMYFUNCTION("""COMPUTED_VALUE"""),4.0) -> 4 | M73: =IFERROR(__xludf.DUMMYFUNCTION("""COMPUTED_VALUE"""),156.0) -> 156 | N73: =IFERROR(__xludf.DUMMYFUNCTION("""COMPUTED_VALUE"""),77.0) -> 77 | O73: =IFERROR(__xludf.DUMMYFUNCTION("""COMPUTED_VALUE"""),77.0) -> 77 | T73: =IFERROR(__xludf.DUMMYFUNCTION("""COMPUTED_VALUE"""),"Y") -> Y | U73: =IFERROR(__xludf.DUMMYFUNCTION("""COMPUTED_VALUE"""),"3") -> 3 | V73: =IFERROR(__xludf.DUMMYFUNCTION("""COMPUTED_VALUE"""),"427-432") -> 427-432 | W73: =IFERROR(__xludf.DUMMYFUNCTION("""COMPUTED_VALUE"""),45610.0) -> 45610 | X73: =IFERROR(__xludf.DUMMYFUNCTION("""COMPUTED_VALUE"""),45617.0) -> 45617 | Y73: =IFERROR(__xludf.DUMMYFUNCTION("""COMPUTED_VALUE"""),45638.0) -> 45638 | Z73: =IFERROR(__xludf.DUMMYFUNCTION("""COMPUTED_VALUE"""),"D34-4L") -> D34-4L | AE73: =IFERROR(__xludf.DUMMYFUNCTION("""COMPUTED_VALUE"""),132.0) -> 132 | AF73: =IFERROR(__xludf.DUMMYFUNCTION("""COMPUTED_VALUE"""),188.0) -> 188 | AG73: =IFERROR(__xludf.DUMMYFUNCTION("""COMPUTED_VALUE"""),29.0) -> 29 | AH73: =IFERROR(__xludf.DUMMYFUNCTION("""COMPUTED_VALUE"""),29.0) -> 29
A74: =IFERROR(__xludf.DUMMYFUNCTION("""COMPUTED_VALUE"""),"Y") -> Y | B74: =IFERROR(__xludf.DUMMYFUNCTION("""COMPUTED_VALUE"""),"3") -> 3 | C74: =IFERROR(__xludf.DUMMYFUNCTION("""COMPUTED_VALUE"""),"427-432") -> 427-432 | D74: =IFERROR(__xludf.DUMMYFUNCTION("""COMPUTED_VALUE"""),45610.0) -> 45610 | E74: =IFERROR(__xludf.DUMMYFUNCTION("""COMPUTED_VALUE"""),45617.0) -> 45617 | F74: =IFERROR(__xludf.DUMMYFUNCTION("""COMPUTED_VALUE"""),45638.0) -> 45638 | G74: =IFERROR(__xludf.DUMMYFUNCTION("""COMPUTED_VALUE"""),"D34-4L") -> D34-4L | L74: =IFERROR(__xludf.DUMMYFUNCTION("""COMPUTED_VALUE"""),132.0) -> 132 | M74: =IFERROR(__xludf.DUMMYFUNCTION("""COMPUTED_VALUE"""),188.0) -> 188 | N74: =IFERROR(__xludf.DUMMYFUNCTION("""COMPUTED_VALUE"""),29.0) -> 29 | O74: =IFERROR(__xludf.DUMMYFUNCTION("""COMPUTED_VALUE"""),29.0) -> 29 | T74: =IFERROR(__xludf.DUMMYFUNCTION("""COMPUTED_VALUE"""),"Y") -> Y | U74: =IFERROR(__xludf.DUMMYFUNCTION("""COMPUTED_VALUE"""),"3") -> 3 | W74: =IFERROR(__xludf.DUMMYFUNCTION("""COMPUTED_VALUE"""),45610.0) -> 45610 | X74: =IFERROR(__xludf.DUMMYFUNCTION("""COMPUTED_VALUE"""),45617.0) -> 45617 | Y74: =IFERROR(__xludf.DUMMYFUNCTION("""COMPUTED_VALUE"""),45638.0) -> 45638 | Z74: =IFERROR(__xludf.DUMMYFUNCTION("""COMPUTED_VALUE"""),"D37-1L") -> D37-1L | AA74: =IFERROR(__xludf.DUMMYFUNCTION("""COMPUTED_VALUE"""),191.0) -> 191 | AB74: =IFERROR(__xludf.DUMMYFUNCTION("""COMPUTED_VALUE"""),311.0) -> 311 | AC74: =IFERROR(__xludf.DUMMYFUNCTION("""COMPUTED_VALUE"""),61.0) -> 61 | AD74: =IFERROR(__xludf.DUMMYFUNCTION("""COMPUTED_VALUE"""),61.0) -> 61
A75: =IFERROR(__xludf.DUMMYFUNCTION("""COMPUTED_VALUE"""),"Y") -> Y | B75: =IFERROR(__xludf.DUMMYFUNCTION("""COMPUTED_VALUE"""),"3") -> 3 | D75: =IFERROR(__xludf.DUMMYFUNCTION("""COMPUTED_VALUE"""),45610.0) -> 45610 | E75: =IFERROR(__xludf.DUMMYFUNCTION("""COMPUTED_VALUE"""),45617.0) -> 45617 | F75: =IFERROR(__xludf.DUMMYFUNCTION("""COMPUTED_VALUE"""),45638.0) -> 45638 | G75: =IFERROR(__xludf.DUMMYFUNCTION("""COMPUTED_VALUE"""),"D37-1L") -> D37-1L | H75: =IFERROR(__xludf.DUMMYFUNCTION("""COMPUTED_VALUE"""),191.0) -> 191 | I75: =IFERROR(__xludf.DUMMYFUNCTION("""COMPUTED_VALUE"""),311.0) -> 311 | J75: =IFERROR(__xludf.DUMMYFUNCTION("""COMPUTED_VALUE"""),61.0) -> 61 | K75: =IFERROR(__xludf.DUMMYFUNCTION("""COMPUTED_VALUE"""),61.0) -> 61 | T75: =IFERROR(__xludf.DUMMYFUNCTION("""COMPUTED_VALUE"""),"Y") -> Y | U75: =IFERROR(__xludf.DUMMYFUNCTION("""COMPUTED_VALUE"""),"3") -> 3 | W75: =IFERROR(__xludf.DUMMYFUNCTION("""COMPUTED_VALUE"""),45610.0) -> 45610 | X75: =IFERROR(__xludf.DUMMYFUNCTION("""COMPUTED_VALUE"""),45617.0) -> 45617 | Y75: =IFERROR(__xludf.DUMMYFUNCTION("""COMPUTED_VALUE"""),45638.0) -> 45638 | Z75: =IFERROR(__xludf.DUMMYFUNCTION("""COMPUTED_VALUE"""),"D37-1R") -> D37-1R | AA75: =IFERROR(__xludf.DUMMYFUNCTION("""COMPUTED_VALUE"""),3.0) -> 3 | AB75: =IFERROR(__xludf.DUMMYFUNCTION("""COMPUTED_VALUE"""),91.0) -> 91 | AC75: =IFERROR(__xludf.DUMMYFUNCTION("""COMPUTED_VALUE"""),45.0) -> 45 | AD75: =IFERROR(__xludf.DUMMYFUNCTION("""COMPUTED_VALUE"""),45.0) -> 45
A76: =IFERROR(__xludf.DUMMYFUNCTION("""COMPUTED_VALUE"""),"Y") -> Y | B76: =IFERROR(__xludf.DUMMYFUNCTION("""COMPUTED_VALUE"""),"3") -> 3 | D76: =IFERROR(__xludf.DUMMYFUNCTION("""COMPUTED_VALUE"""),45610.0) -> 45610 | E76: =IFERROR(__xludf.DUMMYFUNCTION("""COMPUTED_VALUE"""),45617.0) -> 45617 | F76: =IFERROR(__xludf.DUMMYFUNCTION("""COMPUTED_VALUE"""),45638.0) -> 45638 | G76: =IFERROR(__xludf.DUMMYFUNCTION("""COMPUTED_VALUE"""),"D37-1R") -> D37-1R | H76: =IFERROR(__xludf.DUMMYFUNCTION("""COMPUTED_VALUE"""),3.0) -> 3 | I76: =IFERROR(__xludf.DUMMYFUNCTION("""COMPUTED_VALUE"""),91.0) -> 91 | J76: =IFERROR(__xludf.DUMMYFUNCTION("""COMPUTED_VALUE"""),45.0) -> 45 | K76: =IFERROR(__xludf.DUMMYFUNCTION("""COMPUTED_VALUE"""),45.0) -> 45 | T76: =IFERROR(__xludf.DUMMYFUNCTION("""COMPUTED_VALUE"""),"Y") -> Y | U76: =IFERROR(__xludf.DUMMYFUNCTION("""COMPUTED_VALUE"""),"3") -> 3 | W76: =IFERROR(__xludf.DUMMYFUNCTION("""COMPUTED_VALUE"""),45612.0) -> 45612 | X76: =IFERROR(__xludf.DUMMYFUNCTION("""COMPUTED_VALUE"""),45619.0) -> 45619 | Y76: =IFERROR(__xludf.DUMMYFUNCTION("""COMPUTED_VALUE"""),45640.0) -> 45640 | Z76: =IFERROR(__xludf.DUMMYFUNCTION("""COMPUTED_VALUE"""),"D38-1L") -> D38-1L | AA76: =IFERROR(__xludf.DUMMYFUNCTION("""COMPUTED_VALUE"""),5.0) -> 5 | AB76: =IFERROR(__xludf.DUMMYFUNCTION("""COMPUTED_VALUE"""),153.0) -> 153 | AC76: =IFERROR(__xludf.DUMMYFUNCTION("""COMPUTED_VALUE"""),75.0) -> 75 | AD76: =IFERROR(__xludf.DUMMYFUNCTION("""COMPUTED_VALUE"""),75.0) -> 75
A77: =IFERROR(__xludf.DUMMYFUNCTION("""COMPUTED_VALUE"""),"Y") -> Y | B77: =IFERROR(__xludf.DUMMYFUNCTION("""COMPUTED_VALUE"""),"3") -> 3 | D77: =IFERROR(__xludf.DUMMYFUNCTION("""COMPUTED_VALUE"""),45612.0) -> 45612 | E77: =IFERROR(__xludf.DUMMYFUNCTION("""COMPUTED_VALUE"""),45619.0) -> 45619 | F77: =IFERROR(__xludf.DUMMYFUNCTION("""COMPUTED_VALUE"""),45640.0) -> 45640 | G77: =IFERROR(__xludf.DUMMYFUNCTION("""COMPUTED_VALUE"""),"D38-1L") -> D38-1L | H77: =IFERROR(__xludf.DUMMYFUNCTION("""COMPUTED_VALUE"""),5.0) -> 5 | I77: =IFERROR(__xludf.DUMMYFUNCTION("""COMPUTED_VALUE"""),153.0) -> 153 | J77: =IFERROR(__xludf.DUMMYFUNCTION("""COMPUTED_VALUE"""),75.0) -> 75 | K77: =IFERROR(__xludf.DUMMYFUNCTION("""COMPUTED_VALUE"""),75.0) -> 75 | T77: =IFERROR(__xludf.DUMMYFUNCTION("""COMPUTED_VALUE"""),"Y") -> Y | U77: =IFERROR(__xludf.DUMMYFUNCTION("""COMPUTED_VALUE"""),"3") -> 3 | W77: =IFERROR(__xludf.DUMMYFUNCTION("""COMPUTED_VALUE"""),45612.0) -> 45612 | X77: =IFERROR(__xludf.DUMMYFUNCTION("""COMPUTED_VALUE"""),45619.0) -> 45619 | Y77: =IFERROR(__xludf.DUMMYFUNCTION("""COMPUTED_VALUE"""),45640.0) -> 45640 | Z77: =IFERROR(__xludf.DUMMYFUNCTION("""COMPUTED_VALUE"""),"D38-1L") -> D38-1L | AA77: =IFERROR(__xludf.DUMMYFUNCTION("""COMPUTED_VALUE"""),158.0) -> 158 | AB77: =IFERROR(__xludf.DUMMYFUNCTION("""COMPUTED_VALUE"""),258.0) -> 258 | AC77: =IFERROR(__xludf.DUMMYFUNCTION("""COMPUTED_VALUE"""),51.0) -> 51 | AD77: =IFERROR(__xludf.DUMMYFUNCTION("""COMPUTED_VALUE"""),51.0) -> 51
A78: =IFERROR(__xludf.DUMMYFUNCTION("""COMPUTED_VALUE"""),"Y") -> Y | B78: =IFERROR(__xludf.DUMMYFUNCTION("""COMPUTED_VALUE"""),"3") -> 3 | D78: =IFERROR(__xludf.DUMMYFUNCTION("""COMPUTED_VALUE"""),45612.0) -> 45612 | E78: =IFERROR(__xludf.DUMMYFUNCTION("""COMPUTED_VALUE"""),45619.0) -> 45619 | F78: =IFERROR(__xludf.DUMMYFUNCTION("""COMPUTED_VALUE"""),45640.0) -> 45640 | G78: =IFERROR(__xludf.DUMMYFUNCTION("""COMPUTED_VALUE"""),"D38-1L") -> D38-1L | H78: =IFERROR(__xludf.DUMMYFUNCTION("""COMPUTED_VALUE"""),158.0) -> 158 | I78: =IFERROR(__xludf.DUMMYFUNCTION("""COMPUTED_VALUE"""),258.0) -> 258 | J78: =IFERROR(__xludf.DUMMYFUNCTION("""COMPUTED_VALUE"""),51.0) -> 51 | K78: =IFERROR(__xludf.DUMMYFUNCTION("""COMPUTED_VALUE"""),51.0) -> 51 | T78: =IFERROR(__xludf.DUMMYFUNCTION("""COMPUTED_VALUE"""),"Y") -> Y | U78: =IFERROR(__xludf.DUMMYFUNCTION("""COMPUTED_VALUE"""),"3") -> 3 | W78: =IFERROR(__xludf.DUMMYFUNCTION("""COMPUTED_VALUE"""),45612.0) -> 45612 | X78: =IFERROR(__xludf.DUMMYFUNCTION("""COMPUTED_VALUE"""),45619.0) -> 45619 | Y78: =IFERROR(__xludf.DUMMYFUNCTION("""COMPUTED_VALUE"""),45640.0) -> 45640 | Z78: =IFERROR(__xludf.DUMMYFUNCTION("""COMPUTED_VALUE"""),"D37-1R") -> D37-1R | AA78: =IFERROR(__xludf.DUMMYFUNCTION("""COMPUTED_VALUE"""),95.0) -> 95 | AB78: =IFERROR(__xludf.DUMMYFUNCTION("""COMPUTED_VALUE"""),305.0) -> 305 | AC78: =IFERROR(__xludf.DUMMYFUNCTION("""COMPUTED_VALUE"""),106.0) -> 106 | AD78: =IFERROR(__xludf.DUMMYFUNCTION("""COMPUTED_VALUE"""),106.0) -> 106
A79: =IFERROR(__xludf.DUMMYFUNCTION("""COMPUTED_VALUE"""),"Y") -> Y | B79: =IFERROR(__xludf.DUMMYFUNCTION("""COMPUTED_VALUE"""),"3") -> 3 | D79: =IFERROR(__xludf.DUMMYFUNCTION("""COMPUTED_VALUE"""),45612.0) -> 45612 | E79: =IFERROR(__xludf.DUMMYFUNCTION("""COMPUTED_VALUE"""),45619.0) -> 45619 | F79: =IFERROR(__xludf.DUMMYFUNCTION("""COMPUTED_VALUE"""),45640.0) -> 45640 | G79: =IFERROR(__xludf.DUMMYFUNCTION("""COMPUTED_VALUE"""),"D37-1R") -> D37-1R | H79: =IFERROR(__xludf.DUMMYFUNCTION("""COMPUTED_VALUE"""),95.0) -> 95 | I79: =IFERROR(__xludf.DUMMYFUNCTION("""COMPUTED_VALUE"""),305.0) -> 305 | J79: =IFERROR(__xludf.DUMMYFUNCTION("""COMPUTED_VALUE"""),106.0) -> 106 | K79: =IFERROR(__xludf.DUMMYFUNCTION("""COMPUTED_VALUE"""),106.0) -> 106 | T79: =IFERROR(__xludf.DUMMYFUNCTION("""COMPUTED_VALUE"""),"Y") -> Y | U79: =IFERROR(__xludf.DUMMYFUNCTION("""COMPUTED_VALUE"""),"3") -> 3 | W79: =IFERROR(__xludf.DUMMYFUNCTION("""COMPUTED_VALUE"""),45613.0) -> 45613 | X79: =IFERROR(__xludf.DUMMYFUNCTION("""COMPUTED_VALUE"""),45620.0) -> 45620 | Y79: =IFERROR(__xludf.DUMMYFUNCTION("""COMPUTED_VALUE"""),45641.0) -> 45641 | Z79: =IFERROR(__xludf.DUMMYFUNCTION("""COMPUTED_VALUE"""),"D38-1L") -> D38-1L | AA79: =IFERROR(__xludf.DUMMYFUNCTION("""COMPUTED_VALUE"""),155.0) -> 155 | AB79: =IFERROR(__xludf.DUMMYFUNCTION("""COMPUTED_VALUE"""),235.0) -> 235 | AC79: =IFERROR(__xludf.DUMMYFUNCTION("""COMPUTED_VALUE"""),41.0) -> 41 | AD79: =IFERROR(__xludf.DUMMYFUNCTION("""COMPUTED_VALUE"""),41.0) -> 41 | AE79: =IFERROR(__xludf.DUMMYFUNCTION("""COMPUTED_VALUE"""),258.0) -> 258 | AF79: =IFERROR(__xludf.DUMMYFUNCTION("""COMPUTED_VALUE"""),306.0) -> 306 | AG79: =IFERROR(__xludf.DUMMYFUNCTION("""COMPUTED_VALUE"""),25.0) -> 25 | AH79: =IFERROR(__xludf.DUMMYFUNCTION("""COMPUTED_VALUE"""),25.0) -> 25
A80: =IFERROR(__xludf.DUMMYFUNCTION("""COMPUTED_VALUE"""),"Y") -> Y | B80: =IFERROR(__xludf.DUMMYFUNCTION("""COMPUTED_VALUE"""),"3") -> 3 | D80: =IFERROR(__xludf.DUMMYFUNCTION("""COMPUTED_VALUE"""),45613.0) -> 45613 | E80: =IFERROR(__xludf.DUMMYFUNCTION("""COMPUTED_VALUE"""),45620.0) -> 45620 | F80: =IFERROR(__xludf.DUMMYFUNCTION("""COMPUTED_VALUE"""),45641.0) -> 45641 | G80: =IFERROR(__xludf.DUMMYFUNCTION("""COMPUTED_VALUE"""),"D38-1L") -> D38-1L | H80: =IFERROR(__xludf.DUMMYFUNCTION("""COMPUTED_VALUE"""),155.0) -> 155 | I80: =IFERROR(__xludf.DUMMYFUNCTION("""COMPUTED_VALUE"""),235.0) -> 235 | J80: =IFERROR(__xludf.DUMMYFUNCTION("""COMPUTED_VALUE"""),41.0) -> 41 | K80: =IFERROR(__xludf.DUMMYFUNCTION("""COMPUTED_VALUE"""),41.0) -> 41 | L80: =IFERROR(__xludf.DUMMYFUNCTION("""COMPUTED_VALUE"""),258.0) -> 258 | M80: =IFERROR(__xludf.DUMMYFUNCTION("""COMPUTED_VALUE"""),306.0) -> 306 | N80: =IFERROR(__xludf.DUMMYFUNCTION("""COMPUTED_VALUE"""),25.0) -> 25 | O80: =IFERROR(__xludf.DUMMYFUNCTION("""COMPUTED_VALUE"""),25.0) -> 25 | T80: =IFERROR(__xludf.DUMMYFUNCTION("""COMPUTED_VALUE"""),"Y") -> Y | U80: =IFERROR(__xludf.DUMMYFUNCTION("""COMPUTED_VALUE"""),"3") -> 3 | W80: =IFERROR(__xludf.DUMMYFUNCTION("""COMPUTED_VALUE"""),45613.0) -> 45613 | X80: =IFERROR(__xludf.DUMMYFUNCTION("""COMPUTED_VALUE"""),45620.0) -> 45620 | Y80: =IFERROR(__xludf.DUMMYFUNCTION("""COMPUTED_VALUE"""),45641.0) -> 45641 | Z80: =IFERROR(__xludf.DUMMYFUNCTION("""COMPUTED_VALUE"""),"D37-1L") -> D37-1L | AE80: =IFERROR(__xludf.DUMMYFUNCTION("""COMPUTED_VALUE"""),164.0) -> 164 | AF80: =IFERROR(__xludf.DUMMYFUNCTION("""COMPUTED_VALUE"""),268.0) -> 268 | AG80: =IFERROR(__xludf.DUMMYFUNCTION("""COMPUTED_VALUE"""),53.0) -> 53 | AH80: =IFERROR(__xludf.DUMMYFUNCTION("""COMPUTED_VALUE"""),53.0) -> 53
A81: =IFERROR(__xludf.DUMMYFUNCTION("""COMPUTED_VALUE"""),"Y") -> Y | B81: =IFERROR(__xludf.DUMMYFUNCTION("""COMPUTED_VALUE"""),"3") -> 3 | D81: =IFERROR(__xludf.DUMMYFUNCTION("""COMPUTED_VALUE"""),45613.0) -> 45613 | E81: =IFERROR(__xludf.DUMMYFUNCTION("""COMPUTED_VALUE"""),45620.0) -> 45620 | F81: =IFERROR(__xludf.DUMMYFUNCTION("""COMPUTED_VALUE"""),45641.0) -> 45641 | G81: =IFERROR(__xludf.DUMMYFUNCTION("""COMPUTED_VALUE"""),"D37-1L") -> D37-1L | L81: =IFERROR(__xludf.DUMMYFUNCTION("""COMPUTED_VALUE"""),164.0) -> 164 | M81: =IFERROR(__xludf.DUMMYFUNCTION("""COMPUTED_VALUE"""),268.0) -> 268 | N81: =IFERROR(__xludf.DUMMYFUNCTION("""COMPUTED_VALUE"""),53.0) -> 53 | O81: =IFERROR(__xludf.DUMMYFUNCTION("""COMPUTED_VALUE"""),53.0) -> 53 | T81: =IFERROR(__xludf.DUMMYFUNCTION("""COMPUTED_VALUE"""),"Y") -> Y | U81: =IFERROR(__xludf.DUMMYFUNCTION("""COMPUTED_VALUE"""),"3") -> 3 | W81: =IFERROR(__xludf.DUMMYFUNCTION("""COMPUTED_VALUE"""),45614.0) -> 45614 | X81: =IFERROR(__xludf.DUMMYFUNCTION("""COMPUTED_VALUE"""),45621.0) -> 45621 | Y81: =IFERROR(__xludf.DUMMYFUNCTION("""COMPUTED_VALUE"""),45642.0) -> 45642 | Z81: =IFERROR(__xludf.DUMMYFUNCTION("""COMPUTED_VALUE"""),"D38-1L") -> D38-1L | AA81: =IFERROR(__xludf.DUMMYFUNCTION("""COMPUTED_VALUE"""),237.0) -> 237 | AB81: =IFERROR(__xludf.DUMMYFUNCTION("""COMPUTED_VALUE"""),305.0) -> 305 | AC81: =IFERROR(__xludf.DUMMYFUNCTION("""COMPUTED_VALUE"""),35.0) -> 35 | AD81: =IFERROR(__xludf.DUMMYFUNCTION("""COMPUTED_VALUE"""),35.0) -> 35
A82: =IFERROR(__xludf.DUMMYFUNCTION("""COMPUTED_VALUE"""),"Y") -> Y | B82: =IFERROR(__xludf.DUMMYFUNCTION("""COMPUTED_VALUE"""),"3") -> 3 | D82: =IFERROR(__xludf.DUMMYFUNCTION("""COMPUTED_VALUE"""),45614.0) -> 45614 | E82: =IFERROR(__xludf.DUMMYFUNCTION("""COMPUTED_VALUE"""),45621.0) -> 45621 | F82: =IFERROR(__xludf.DUMMYFUNCTION("""COMPUTED_VALUE"""),45642.0) -> 45642 | G82: =IFERROR(__xludf.DUMMYFUNCTION("""COMPUTED_VALUE"""),"D38-1L") -> D38-1L | H82: =IFERROR(__xludf.DUMMYFUNCTION("""COMPUTED_VALUE"""),237.0) -> 237 | I82: =IFERROR(__xludf.DUMMYFUNCTION("""COMPUTED_VALUE"""),305.0) -> 305 | J82: =IFERROR(__xludf.DUMMYFUNCTION("""COMPUTED_VALUE"""),35.0) -> 35 | K82: =IFERROR(__xludf.DUMMYFUNCTION("""COMPUTED_VALUE"""),35.0) -> 35 | T82: =IFERROR(__xludf.DUMMYFUNCTION("""COMPUTED_VALUE"""),"Y") -> Y | U82: =IFERROR(__xludf.DUMMYFUNCTION("""COMPUTED_VALUE"""),"3") -> 3 | W82: =IFERROR(__xludf.DUMMYFUNCTION("""COMPUTED_VALUE"""),45614.0) -> 45614 | X82: =IFERROR(__xludf.DUMMYFUNCTION("""COMPUTED_VALUE"""),45621.0) -> 45621 | Y82: =IFERROR(__xludf.DUMMYFUNCTION("""COMPUTED_VALUE"""),45642.0) -> 45642 | Z82: =IFERROR(__xludf.DUMMYFUNCTION("""COMPUTED_VALUE"""),"D38-3L") -> D38-3L | AA82: =IFERROR(__xludf.DUMMYFUNCTION("""COMPUTED_VALUE"""),7.0) -> 7 | AB82: =IFERROR(__xludf.DUMMYFUNCTION("""COMPUTED_VALUE"""),197.0) -> 197 | AC82: =IFERROR(__xludf.DUMMYFUNCTION("""COMPUTED_VALUE"""),96.0) -> 96 | AD82: =IFERROR(__xludf.DUMMYFUNCTION("""COMPUTED_VALUE"""),96.0) -> 96
A83: =IFERROR(__xludf.DUMMYFUNCTION("""COMPUTED_VALUE"""),"Y") -> Y | B83: =IFERROR(__xludf.DUMMYFUNCTION("""COMPUTED_VALUE"""),"3") -> 3 | D83: =IFERROR(__xludf.DUMMYFUNCTION("""COMPUTED_VALUE"""),45614.0) -> 45614 | E83: =IFERROR(__xludf.DUMMYFUNCTION("""COMPUTED_VALUE"""),45621.0) -> 45621 | F83: =IFERROR(__xludf.DUMMYFUNCTION("""COMPUTED_VALUE"""),45642.0) -> 45642 | G83: =IFERROR(__xludf.DUMMYFUNCTION("""COMPUTED_VALUE"""),"D38-3L") -> D38-3L | H83: =IFERROR(__xludf.DUMMYFUNCTION("""COMPUTED_VALUE"""),7.0) -> 7 | I83: =IFERROR(__xludf.DUMMYFUNCTION("""COMPUTED_VALUE"""),197.0) -> 197 | J83: =IFERROR(__xludf.DUMMYFUNCTION("""COMPUTED_VALUE"""),96.0) -> 96 | K83: =IFERROR(__xludf.DUMMYFUNCTION("""COMPUTED_VALUE"""),96.0) -> 96 | T83: =IFERROR(__xludf.DUMMYFUNCTION("""COMPUTED_VALUE"""),"Y") -> Y | U83: =IFERROR(__xludf.DUMMYFUNCTION("""COMPUTED_VALUE"""),"3") -> 3 | W83: =IFERROR(__xludf.DUMMYFUNCTION("""COMPUTED_VALUE"""),45614.0) -> 45614 | X83: =IFERROR(__xludf.DUMMYFUNCTION("""COMPUTED_VALUE"""),45621.0) -> 45621 | Y83: =IFERROR(__xludf.DUMMYFUNCTION("""COMPUTED_VALUE"""),45642.0) -> 45642 | Z83: =IFERROR(__xludf.DUMMYFUNCTION("""COMPUTED_VALUE"""),"D37-1L") -> D37-1L | AE83: =IFERROR(__xludf.DUMMYFUNCTION("""COMPUTED_VALUE"""),270.0) -> 270 | AF83: =IFERROR(__xludf.DUMMYFUNCTION("""COMPUTED_VALUE"""),284.0) -> 284 | AG83: =IFERROR(__xludf.DUMMYFUNCTION("""COMPUTED_VALUE"""),8.0) -> 8 | AH83: =IFERROR(__xludf.DUMMYFUNCTION("""COMPUTED_VALUE"""),8.0) -> 8
A84: =IFERROR(__xludf.DUMMYFUNCTION("""COMPUTED_VALUE"""),"Y") -> Y | B84: =IFERROR(__xludf.DUMMYFUNCTION("""COMPUTED_VALUE"""),"3") -> 3 | D84: =IFERROR(__xludf.DUMMYFUNCTION("""COMPUTED_VALUE"""),45614.0) -> 45614 | E84: =IFERROR(__xludf.DUMMYFUNCTION("""COMPUTED_VALUE"""),45621.0) -> 45621 | F84: =IFERROR(__xludf.DUMMYFUNCTION("""COMPUTED_VALUE"""),45642.0) -> 45642 | G84: =IFERROR(__xludf.DUMMYFUNCTION("""COMPUTED_VALUE"""),"D37-1L") -> D37-1L | L84: =IFERROR(__xludf.DUMMYFUNCTION("""COMPUTED_VALUE"""),270.0) -> 270 | M84: =IFERROR(__xludf.DUMMYFUNCTION("""COMPUTED_VALUE"""),284.0) -> 284 | N84: =IFERROR(__xludf.DUMMYFUNCTION("""COMPUTED_VALUE"""),8.0) -> 8 | O84: =IFERROR(__xludf.DUMMYFUNCTION("""COMPUTED_VALUE"""),8.0) -> 8 | T84: =IFERROR(__xludf.DUMMYFUNCTION("""COMPUTED_VALUE"""),"Y") -> Y | U84: =IFERROR(__xludf.DUMMYFUNCTION("""COMPUTED_VALUE"""),"3") -> 3 | W84: =IFERROR(__xludf.DUMMYFUNCTION("""COMPUTED_VALUE"""),45615.0) -> 45615 | X84: =IFERROR(__xludf.DUMMYFUNCTION("""COMPUTED_VALUE"""),45622.0) -> 45622 | Y84: =IFERROR(__xludf.DUMMYFUNCTION("""COMPUTED_VALUE"""),45643.0) -> 45643 | Z84: =IFERROR(__xludf.DUMMYFUNCTION("""COMPUTED_VALUE"""),"D37-1L") -> D37-1L | AE84: =IFERROR(__xludf.DUMMYFUNCTION("""COMPUTED_VALUE"""),286.0) -> 286 | AF84: =IFERROR(__xludf.DUMMYFUNCTION("""COMPUTED_VALUE"""),310.0) -> 310 | AG84: =IFERROR(__xludf.DUMMYFUNCTION("""COMPUTED_VALUE"""),13.0) -> 13 | AH84: =IFERROR(__xludf.DUMMYFUNCTION("""COMPUTED_VALUE"""),13.0) -> 13
A85: =IFERROR(__xludf.DUMMYFUNCTION("""COMPUTED_VALUE"""),"Y") -> Y | B85: =IFERROR(__xludf.DUMMYFUNCTION("""COMPUTED_VALUE"""),"3") -> 3 | D85: =IFERROR(__xludf.DUMMYFUNCTION("""COMPUTED_VALUE"""),45615.0) -> 45615 | E85: =IFERROR(__xludf.DUMMYFUNCTION("""COMPUTED_VALUE"""),45622.0) -> 45622 | F85: =IFERROR(__xludf.DUMMYFUNCTION("""COMPUTED_VALUE"""),45643.0) -> 45643 | G85: =IFERROR(__xludf.DUMMYFUNCTION("""COMPUTED_VALUE"""),"D37-1L") -> D37-1L | L85: =IFERROR(__xludf.DUMMYFUNCTION("""COMPUTED_VALUE"""),286.0) -> 286 | M85: =IFERROR(__xludf.DUMMYFUNCTION("""COMPUTED_VALUE"""),310.0) -> 310 | N85: =IFERROR(__xludf.DUMMYFUNCTION("""COMPUTED_VALUE"""),13.0) -> 13 | O85: =IFERROR(__xludf.DUMMYFUNCTION("""COMPUTED_VALUE"""),13.0) -> 13 | T85: =IFERROR(__xludf.DUMMYFUNCTION("""COMPUTED_VALUE"""),"Y") -> Y | U85: =IFERROR(__xludf.DUMMYFUNCTION("""COMPUTED_VALUE"""),"3") -> 3 | W85: =IFERROR(__xludf.DUMMYFUNCTION("""COMPUTED_VALUE"""),45615.0) -> 45615 | X85: =IFERROR(__xludf.DUMMYFUNCTION("""COMPUTED_VALUE"""),45622.0) -> 45622 | Y85: =IFERROR(__xludf.DUMMYFUNCTION("""COMPUTED_VALUE"""),45643.0) -> 45643 | Z85: =IFERROR(__xludf.DUMMYFUNCTION("""COMPUTED_VALUE"""),"D37-1R") -> D37-1R | AE85: =IFERROR(__xludf.DUMMYFUNCTION("""COMPUTED_VALUE"""),4.0) -> 4 | AF85: =IFERROR(__xludf.DUMMYFUNCTION("""COMPUTED_VALUE"""),90.0) -> 90 | AG85: =IFERROR(__xludf.DUMMYFUNCTION("""COMPUTED_VALUE"""),44.0) -> 44 | AH85: =IFERROR(__xludf.DUMMYFUNCTION("""COMPUTED_VALUE"""),44.0) -> 44
A86: =IFERROR(__xludf.DUMMYFUNCTION("""COMPUTED_VALUE"""),"Y") -> Y | B86: =IFERROR(__xludf.DUMMYFUNCTION("""COMPUTED_VALUE"""),"3") -> 3 | D86: =IFERROR(__xludf.DUMMYFUNCTION("""COMPUTED_VALUE"""),45615.0) -> 45615 | E86: =IFERROR(__xludf.DUMMYFUNCTION("""COMPUTED_VALUE"""),45622.0) -> 45622 | F86: =IFERROR(__xludf.DUMMYFUNCTION("""COMPUTED_VALUE"""),45643.0) -> 45643 | G86: =IFERROR(__xludf.DUMMYFUNCTION("""COMPUTED_VALUE"""),"D37-1R") -> D37-1R | L86: =IFERROR(__xludf.DUMMYFUNCTION("""COMPUTED_VALUE"""),4.0) -> 4 | M86: =IFERROR(__xludf.DUMMYFUNCTION("""COMPUTED_VALUE"""),90.0) -> 90 | N86: =IFERROR(__xludf.DUMMYFUNCTION("""COMPUTED_VALUE"""),44.0) -> 44 | O86: =IFERROR(__xludf.DUMMYFUNCTION("""COMPUTED_VALUE"""),44.0) -> 44 | T86: =IFERROR(__xludf.DUMMYFUNCTION("""COMPUTED_VALUE"""),"Y") -> Y | U86: =IFERROR(__xludf.DUMMYFUNCTION("""COMPUTED_VALUE"""),"3") -> 3 | W86: =IFERROR(__xludf.DUMMYFUNCTION("""COMPUTED_VALUE"""),45615.0) -> 45615 | X86: =IFERROR(__xludf.DUMMYFUNCTION("""COMPUTED_VALUE"""),45622.0) -> 45622 | Y86: =IFERROR(__xludf.DUMMYFUNCTION("""COMPUTED_VALUE"""),45643.0) -> 45643 | Z86: =IFERROR(__xludf.DUMMYFUNCTION("""COMPUTED_VALUE"""),"D37-1R") -> D37-1R | AE86: =IFERROR(__xludf.DUMMYFUNCTION("""COMPUTED_VALUE"""),96.0) -> 96 | AF86: =IFERROR(__xludf.DUMMYFUNCTION("""COMPUTED_VALUE"""),212.0) -> 212 | AG86: =IFERROR(__xludf.DUMMYFUNCTION("""COMPUTED_VALUE"""),59.0) -> 59 | AH86: =IFERROR(__xludf.DUMMYFUNCTION("""COMPUTED_VALUE"""),59.0) -> 59
A87: =IFERROR(__xludf.DUMMYFUNCTION("""COMPUTED_VALUE"""),"Y") -> Y | B87: =IFERROR(__xludf.DUMMYFUNCTION("""COMPUTED_VALUE"""),"3") -> 3 | D87: =IFERROR(__xludf.DUMMYFUNCTION("""COMPUTED_VALUE"""),45615.0) -> 45615 | E87: =IFERROR(__xludf.DUMMYFUNCTION("""COMPUTED_VALUE"""),45622.0) -> 45622 | F87: =IFERROR(__xludf.DUMMYFUNCTION("""COMPUTED_VALUE"""),45643.0) -> 45643 | G87: =IFERROR(__xludf.DUMMYFUNCTION("""COMPUTED_VALUE"""),"D37-1R") -> D37-1R | L87: =IFERROR(__xludf.DUMMYFUNCTION("""COMPUTED_VALUE"""),96.0) -> 96 | M87: =IFERROR(__xludf.DUMMYFUNCTION("""COMPUTED_VALUE"""),212.0) -> 212 | N87: =IFERROR(__xludf.DUMMYFUNCTION("""COMPUTED_VALUE"""),59.0) -> 59 | O87: =IFERROR(__xludf.DUMMYFUNCTION("""COMPUTED_VALUE"""),59.0) -> 59 | T87: =IFERROR(__xludf.DUMMYFUNCTION("""COMPUTED_VALUE"""),"Y") -> Y | U87: =IFERROR(__xludf.DUMMYFUNCTION("""COMPUTED_VALUE"""),"3") -> 3 | W87: =IFERROR(__xludf.DUMMYFUNCTION("""COMPUTED_VALUE"""),45620.0) -> 45620 | X87: =IFERROR(__xludf.DUMMYFUNCTION("""COMPUTED_VALUE"""),45627.0) -> 45627 | Y87: =IFERROR(__xludf.DUMMYFUNCTION("""COMPUTED_VALUE"""),45648.0) -> 45648 | Z87: =IFERROR(__xludf.DUMMYFUNCTION("""COMPUTED_VALUE"""),"D38-3L") -> D38-3L | AA87: =IFERROR(__xludf.DUMMYFUNCTION("""COMPUTED_VALUE"""),199.0) -> 199 | AB87: =IFERROR(__xludf.DUMMYFUNCTION("""COMPUTED_VALUE"""),273.0) -> 273 | AC87: =IFERROR(__xludf.DUMMYFUNCTION("""COMPUTED_VALUE"""),38.0) -> 38 | AD87: =IFERROR(__xludf.DUMMYFUNCTION("""COMPUTED_VALUE"""),38.0) -> 38 | AE87: =IFERROR(__xludf.DUMMYFUNCTION("""COMPUTED_VALUE"""),8.0) -> 8 | AF87: =IFERROR(__xludf.DUMMYFUNCTION("""COMPUTED_VALUE"""),196.0) -> 196 | AG87: =IFERROR(__xludf.DUMMYFUNCTION("""COMPUTED_VALUE"""),95.0) -> 95 | AH87: =IFERROR(__xludf.DUMMYFUNCTION("""COMPUTED_VALUE"""),95.0) -> 95
A88: =IFERROR(__xludf.DUMMYFUNCTION("""COMPUTED_VALUE"""),"Y") -> Y | B88: =IFERROR(__xludf.DUMMYFUNCTION("""COMPUTED_VALUE"""),"3") -> 3 | D88: =IFERROR(__xludf.DUMMYFUNCTION("""COMPUTED_VALUE"""),45620.0) -> 45620 | E88: =IFERROR(__xludf.DUMMYFUNCTION("""COMPUTED_VALUE"""),45627.0) -> 45627 | F88: =IFERROR(__xludf.DUMMYFUNCTION("""COMPUTED_VALUE"""),45648.0) -> 45648 | G88: =IFERROR(__xludf.DUMMYFUNCTION("""COMPUTED_VALUE"""),"D38-3L") -> D38-3L | H88: =IFERROR(__xludf.DUMMYFUNCTION("""COMPUTED_VALUE"""),199.0) -> 199 | I88: =IFERROR(__xludf.DUMMYFUNCTION("""COMPUTED_VALUE"""),273.0) -> 273 | J88: =IFERROR(__xludf.DUMMYFUNCTION("""COMPUTED_VALUE"""),38.0) -> 38 | K88: =IFERROR(__xludf.DUMMYFUNCTION("""COMPUTED_VALUE"""),38.0) -> 38 | L88: =IFERROR(__xludf.DUMMYFUNCTION("""COMPUTED_VALUE"""),8.0) -> 8 | M88: =IFERROR(__xludf.DUMMYFUNCTION("""COMPUTED_VALUE"""),196.0) -> 196 | N88: =IFERROR(__xludf.DUMMYFUNCTION("""COMPUTED_VALUE"""),95.0) -> 95 | O88: =IFERROR(__xludf.DUMMYFUNCTION("""COMPUTED_VALUE"""),95.0) -> 95 | T88: =IFERROR(__xludf.DUMMYFUNCTION("""COMPUTED_VALUE"""),"Y") -> Y | U88: =IFERROR(__xludf.DUMMYFUNCTION("""COMPUTED_VALUE"""),"3") -> 3 | W88: =IFERROR(__xludf.DUMMYFUNCTION("""COMPUTED_VALUE"""),45621.0) -> 45621 | X88: =IFERROR(__xludf.DUMMYFUNCTION("""COMPUTED_VALUE"""),45628.0) -> 45628 | Y88: =IFERROR(__xludf.DUMMYFUNCTION("""COMPUTED_VALUE"""),45649.0) -> 45649 | Z88: =IFERROR(__xludf.DUMMYFUNCTION("""COMPUTED_VALUE"""),"D38-3L") -> D38-3L | AA88: =IFERROR(__xludf.DUMMYFUNCTION("""COMPUTED_VALUE"""),275.0) -> 275 | AB88: =IFERROR(__xludf.DUMMYFUNCTION("""COMPUTED_VALUE"""),395.0) -> 395 | AC88: =IFERROR(__xludf.DUMMYFUNCTION("""COMPUTED_VALUE"""),61.0) -> 61 | AD88: =IFERROR(__xludf.DUMMYFUNCTION("""COMPUTED_VALUE"""),61.0) -> 61
A89: =IFERROR(__xludf.DUMMYFUNCTION("""COMPUTED_VALUE"""),"Y") -> Y | B89: =IFERROR(__xludf.DUMMYFUNCTION("""COMPUTED_VALUE"""),"3") -> 3 | D89: =IFERROR(__xludf.DUMMYFUNCTION("""COMPUTED_VALUE"""),45621.0) -> 45621 | E89: =IFERROR(__xludf.DUMMYFUNCTION("""COMPUTED_VALUE"""),45628.0) -> 45628 | F89: =IFERROR(__xludf.DUMMYFUNCTION("""COMPUTED_VALUE"""),45649.0) -> 45649 | G89: =IFERROR(__xludf.DUMMYFUNCTION("""COMPUTED_VALUE"""),"D38-3L") -> D38-3L | H89: =IFERROR(__xludf.DUMMYFUNCTION("""COMPUTED_VALUE"""),275.0) -> 275 | I89: =IFERROR(__xludf.DUMMYFUNCTION("""COMPUTED_VALUE"""),395.0) -> 395 | J89: =IFERROR(__xludf.DUMMYFUNCTION("""COMPUTED_VALUE"""),61.0) -> 61 | K89: =IFERROR(__xludf.DUMMYFUNCTION("""COMPUTED_VALUE"""),61.0) -> 61 | T89: =IFERROR(__xludf.DUMMYFUNCTION("""COMPUTED_VALUE"""),"Y") -> Y | U89: =IFERROR(__xludf.DUMMYFUNCTION("""COMPUTED_VALUE"""),"3") -> 3 | W89: =IFERROR(__xludf.DUMMYFUNCTION("""COMPUTED_VALUE"""),45622.0) -> 45622 | X89: =IFERROR(__xludf.DUMMYFUNCTION("""COMPUTED_VALUE"""),45629.0) -> 45629 | Y89: =IFERROR(__xludf.DUMMYFUNCTION("""COMPUTED_VALUE"""),45650.0) -> 45650 | Z89: =IFERROR(__xludf.DUMMYFUNCTION("""COMPUTED_VALUE"""),"D38-3L") -> D38-3L | AE89: =IFERROR(__xludf.DUMMYFUNCTION("""COMPUTED_VALUE"""),198.0) -> 198 | AF89: =IFERROR(__xludf.DUMMYFUNCTION("""COMPUTED_VALUE"""),358.0) -> 358 | AG89: =IFERROR(__xludf.DUMMYFUNCTION("""COMPUTED_VALUE"""),81.0) -> 81 | AH89: =IFERROR(__xludf.DUMMYFUNCTION("""COMPUTED_VALUE"""),81.0) -> 81 | AI89: =IFERROR(__xludf.DUMMYFUNCTION("""COMPUTED_VALUE"""),62.0) -> 62
A90: =IFERROR(__xludf.DUMMYFUNCTION("""COMPUTED_VALUE"""),"Y") -> Y | B90: =IFERROR(__xludf.DUMMYFUNCTION("""COMPUTED_VALUE"""),"3") -> 3 | D90: =IFERROR(__xludf.DUMMYFUNCTION("""COMPUTED_VALUE"""),45622.0) -> 45622 | E90: =IFERROR(__xludf.DUMMYFUNCTION("""COMPUTED_VALUE"""),45629.0) -> 45629 | F90: =IFERROR(__xludf.DUMMYFUNCTION("""COMPUTED_VALUE"""),45650.0) -> 45650 | G90: =IFERROR(__xludf.DUMMYFUNCTION("""COMPUTED_VALUE"""),"D38-3L") -> D38-3L | L90: =IFERROR(__xludf.DUMMYFUNCTION("""COMPUTED_VALUE"""),198.0) -> 198 | M90: =IFERROR(__xludf.DUMMYFUNCTION("""COMPUTED_VALUE"""),358.0) -> 358 | N90: =IFERROR(__xludf.DUMMYFUNCTION("""COMPUTED_VALUE"""),81.0) -> 81 | O90: =IFERROR(__xludf.DUMMYFUNCTION("""COMPUTED_VALUE"""),81.0) -> 81 | P90: =IFERROR(__xludf.DUMMYFUNCTION("""COMPUTED_VALUE"""),62.0) -> 62 | T90: =IFERROR(__xludf.DUMMYFUNCTION("""COMPUTED_VALUE"""),"Y") -> Y | U90: =IFERROR(__xludf.DUMMYFUNCTION("""COMPUTED_VALUE"""),"3") -> 3 | W90: =IFERROR(__xludf.DUMMYFUNCTION("""COMPUTED_VALUE"""),45622.0) -> 45622 | X90: =IFERROR(__xludf.DUMMYFUNCTION("""COMPUTED_VALUE"""),45629.0) -> 45629 | Y90: =IFERROR(__xludf.DUMMYFUNCTION("""COMPUTED_VALUE"""),45650.0) -> 45650 | Z90: =IFERROR(__xludf.DUMMYFUNCTION("""COMPUTED_VALUE"""),"DC40") -> DC40 | AA90: =IFERROR(__xludf.DUMMYFUNCTION("""COMPUTED_VALUE"""),7.0) -> 7 | AB90: =IFERROR(__xludf.DUMMYFUNCTION("""COMPUTED_VALUE"""),87.0) -> 87 | AC90: =IFERROR(__xludf.DUMMYFUNCTION("""COMPUTED_VALUE"""),41.0) -> 41 | AD90: =IFERROR(__xludf.DUMMYFUNCTION("""COMPUTED_VALUE"""),41.0) -> 41 | AE90: =IFERROR(__xludf.DUMMYFUNCTION("""COMPUTED_VALUE"""),90.0) -> 90 | AF90: =IFERROR(__xludf.DUMMYFUNCTION("""COMPUTED_VALUE"""),118.0) -> 118 | AG90: =IFERROR(__xludf.DUMMYFUNCTION("""COMPUTED_VALUE"""),15.0) -> 15 | AH90: =IFERROR(__xludf.DUMMYFUNCTION("""COMPUTED_VALUE"""),15.0) -> 15 | AI90: =IFERROR(__xludf.DUMMYFUNCTION("""COMPUTED_VALUE"""),61.0) -> 61
A91: =IFERROR(__xludf.DUMMYFUNCTION("""COMPUTED_VALUE"""),"Y") -> Y | B91: =IFERROR(__xludf.DUMMYFUNCTION("""COMPUTED_VALUE"""),"3") -> 3 | D91: =IFERROR(__xludf.DUMMYFUNCTION("""COMPUTED_VALUE"""),45622.0) -> 45622 | E91: =IFERROR(__xludf.DUMMYFUNCTION("""COMPUTED_VALUE"""),45629.0) -> 45629 | F91: =IFERROR(__xludf.DUMMYFUNCTION("""COMPUTED_VALUE"""),45650.0) -> 45650 | G91: =IFERROR(__xludf.DUMMYFUNCTION("""COMPUTED_VALUE"""),"DC40") -> DC40 | H91: =IFERROR(__xludf.DUMMYFUNCTION("""COMPUTED_VALUE"""),7.0) -> 7 | I91: =IFERROR(__xludf.DUMMYFUNCTION("""COMPUTED_VALUE"""),87.0) -> 87 | J91: =IFERROR(__xludf.DUMMYFUNCTION("""COMPUTED_VALUE"""),41.0) -> 41 | K91: =IFERROR(__xludf.DUMMYFUNCTION("""COMPUTED_VALUE"""),41.0) -> 41 | L91: =IFERROR(__xludf.DUMMYFUNCTION("""COMPUTED_VALUE"""),90.0) -> 90 | M91: =IFERROR(__xludf.DUMMYFUNCTION("""COMPUTED_VALUE"""),118.0) -> 118 | N91: =IFERROR(__xludf.DUMMYFUNCTION("""COMPUTED_VALUE"""),15.0) -> 15 | O91: =IFERROR(__xludf.DUMMYFUNCTION("""COMPUTED_VALUE"""),15.0) -> 15 | P91: =IFERROR(__xludf.DUMMYFUNCTION("""COMPUTED_VALUE"""),61.0) -> 61 | T91: =IFERROR(__xludf.DUMMYFUNCTION("""COMPUTED_VALUE"""),"Y") -> Y | U91: =IFERROR(__xludf.DUMMYFUNCTION("""COMPUTED_VALUE"""),"3") -> 3 | W91: =IFERROR(__xludf.DUMMYFUNCTION("""COMPUTED_VALUE"""),45623.0) -> 45623 | X91: =IFERROR(__xludf.DUMMYFUNCTION("""COMPUTED_VALUE"""),45630.0) -> 45630 | Y91: =IFERROR(__xludf.DUMMYFUNCTION("""COMPUTED_VALUE"""),45651.0) -> 45651 | Z91: =IFERROR(__xludf.DUMMYFUNCTION("""COMPUTED_VALUE"""),"D40-2L-1") -> D40-2L-1
A92: =IFERROR(__xludf.DUMMYFUNCTION("""COMPUTED_VALUE"""),"Y") -> Y | B92: =IFERROR(__xludf.DUMMYFUNCTION("""COMPUTED_VALUE"""),"3") -> 3 | D92: =IFERROR(__xludf.DUMMYFUNCTION("""COMPUTED_VALUE"""),45623.0) -> 45623 | E92: =IFERROR(__xludf.DUMMYFUNCTION("""COMPUTED_VALUE"""),45630.0) -> 45630 | F92: =IFERROR(__xludf.DUMMYFUNCTION("""COMPUTED_VALUE"""),45651.0) -> 45651 | G92: =IFERROR(__xludf.DUMMYFUNCTION("""COMPUTED_VALUE"""),"D40-2L-1") -> D40-2L-1 | T92: =IFERROR(__xludf.DUMMYFUNCTION("""COMPUTED_VALUE"""),"Y") -> Y | U92: =IFERROR(__xludf.DUMMYFUNCTION("""COMPUTED_VALUE"""),"3") -> 3 | W92: =IFERROR(__xludf.DUMMYFUNCTION("""COMPUTED_VALUE"""),45623.0) -> 45623 | X92: =IFERROR(__xludf.DUMMYFUNCTION("""COMPUTED_VALUE"""),45630.0) -> 45630 | Y92: =IFERROR(__xludf.DUMMYFUNCTION("""COMPUTED_VALUE"""),45651.0) -> 45651 | Z92: =IFERROR(__xludf.DUMMYFUNCTION("""COMPUTED_VALUE"""),"BRG12") -> BRG12 | AA92: =IFERROR(__xludf.DUMMYFUNCTION("""COMPUTED_VALUE"""),1307.0) -> 1307 | AB92: =IFERROR(__xludf.DUMMYFUNCTION("""COMPUTED_VALUE"""),1375.0) -> 1375 | AC92: =IFERROR(__xludf.DUMMYFUNCTION("""COMPUTED_VALUE"""),35.0) -> 35 | AD92: =IFERROR(__xludf.DUMMYFUNCTION("""COMPUTED_VALUE"""),35.0) -> 35 | AI92: =IFERROR(__xludf.DUMMYFUNCTION("""COMPUTED_VALUE"""),65.0) -> 65
A93: =IFERROR(__xludf.DUMMYFUNCTION("""COMPUTED_VALUE"""),"Y") -> Y | B93: =IFERROR(__xludf.DUMMYFUNCTION("""COMPUTED_VALUE"""),"3") -> 3 | D93: =IFERROR(__xludf.DUMMYFUNCTION("""COMPUTED_VALUE"""),45623.0) -> 45623 | E93: =IFERROR(__xludf.DUMMYFUNCTION("""COMPUTED_VALUE"""),45630.0) -> 45630 | F93: =IFERROR(__xludf.DUMMYFUNCTION("""COMPUTED_VALUE"""),45651.0) -> 45651 | G93: =IFERROR(__xludf.DUMMYFUNCTION("""COMPUTED_VALUE"""),"BRG12") -> BRG12 | H93: =IFERROR(__xludf.DUMMYFUNCTION("""COMPUTED_VALUE"""),1307.0) -> 1307 | I93: =IFERROR(__xludf.DUMMYFUNCTION("""COMPUTED_VALUE"""),1375.0) -> 1375 | J93: =IFERROR(__xludf.DUMMYFUNCTION("""COMPUTED_VALUE"""),35.0) -> 35 | K93: =IFERROR(__xludf.DUMMYFUNCTION("""COMPUTED_VALUE"""),35.0) -> 35 | P93: =IFERROR(__xludf.DUMMYFUNCTION("""COMPUTED_VALUE"""),65.0) -> 65 | T93: =IFERROR(__xludf.DUMMYFUNCTION("""COMPUTED_VALUE"""),"Y") -> Y | U93: =IFERROR(__xludf.DUMMYFUNCTION("""COMPUTED_VALUE"""),"3") -> 3 | W93: =IFERROR(__xludf.DUMMYFUNCTION("""COMPUTED_VALUE"""),45623.0) -> 45623 | X93: =IFERROR(__xludf.DUMMYFUNCTION("""COMPUTED_VALUE"""),45630.0) -> 45630 | Y93: =IFERROR(__xludf.DUMMYFUNCTION("""COMPUTED_VALUE"""),45651.0) -> 45651 | Z93: =IFERROR(__xludf.DUMMYFUNCTION("""COMPUTED_VALUE"""),"DC40") -> DC40 | AA93: =IFERROR(__xludf.DUMMYFUNCTION("""COMPUTED_VALUE"""),91.0) -> 91 | AB93: =IFERROR(__xludf.DUMMYFUNCTION("""COMPUTED_VALUE"""),95.0) -> 95 | AC93: =IFERROR(__xludf.DUMMYFUNCTION("""COMPUTED_VALUE"""),3.0) -> 3 | AD93: =IFERROR(__xludf.DUMMYFUNCTION("""COMPUTED_VALUE"""),3.0) -> 3 | AE93: =IFERROR(__xludf.DUMMYFUNCTION("""COMPUTED_VALUE"""),8.0) -> 8 | AF93: =IFERROR(__xludf.DUMMYFUNCTION("""COMPUTED_VALUE"""),88.0) -> 88 | AG93: =IFERROR(__xludf.DUMMYFUNCTION("""COMPUTED_VALUE"""),41.0) -> 41 | AH93: =IFERROR(__xludf.DUMMYFUNCTION("""COMPUTED_VALUE"""),41.0) -> 41 | AI93: =IFERROR(__xludf.DUMMYFUNCTION("""COMPUTED_VALUE"""),64.0) -> 64
A94: =IFERROR(__xludf.DUMMYFUNCTION("""COMPUTED_VALUE"""),"Y") -> Y | B94: =IFERROR(__xludf.DUMMYFUNCTION("""COMPUTED_VALUE"""),"3") -> 3 | D94: =IFERROR(__xludf.DUMMYFUNCTION("""COMPUTED_VALUE"""),45623.0) -> 45623 | E94: =IFERROR(__xludf.DUMMYFUNCTION("""COMPUTED_VALUE"""),45630.0) -> 45630 | F94: =IFERROR(__xludf.DUMMYFUNCTION("""COMPUTED_VALUE"""),45651.0) -> 45651 | G94: =IFERROR(__xludf.DUMMYFUNCTION("""COMPUTED_VALUE"""),"DC40") -> DC40 | H94: =IFERROR(__xludf.DUMMYFUNCTION("""COMPUTED_VALUE"""),91.0) -> 91 | I94: =IFERROR(__xludf.DUMMYFUNCTION("""COMPUTED_VALUE"""),95.0) -> 95 | J94: =IFERROR(__xludf.DUMMYFUNCTION("""COMPUTED_VALUE"""),3.0) -> 3 | K94: =IFERROR(__xludf.DUMMYFUNCTION("""COMPUTED_VALUE"""),3.0) -> 3 | L94: =IFERROR(__xludf.DUMMYFUNCTION("""COMPUTED_VALUE"""),8.0) -> 8 | M94: =IFERROR(__xludf.DUMMYFUNCTION("""COMPUTED_VALUE"""),88.0) -> 88 | N94: =IFERROR(__xludf.DUMMYFUNCTION("""COMPUTED_VALUE"""),41.0) -> 41 | O94: =IFERROR(__xludf.DUMMYFUNCTION("""COMPUTED_VALUE"""),41.0) -> 41 | P94: =IFERROR(__xludf.DUMMYFUNCTION("""COMPUTED_VALUE"""),64.0) -> 64 | T94: =IFERROR(__xludf.DUMMYFUNCTION("""COMPUTED_VALUE"""),"Y") -> Y | U94: =IFERROR(__xludf.DUMMYFUNCTION("""COMPUTED_VALUE"""),"3") -> 3 | W94: =IFERROR(__xludf.DUMMYFUNCTION("""COMPUTED_VALUE"""),45624.0) -> 45624 | X94: =IFERROR(__xludf.DUMMYFUNCTION("""COMPUTED_VALUE"""),45631.0) -> 45631 | Y94: =IFERROR(__xludf.DUMMYFUNCTION("""COMPUTED_VALUE"""),45652.0) -> 45652 | Z94: =IFERROR(__xludf.DUMMYFUNCTION("""COMPUTED_VALUE"""),"BRG12") -> BRG12 | AA94: =IFERROR(__xludf.DUMMYFUNCTION("""COMPUTED_VALUE"""),1377.0) -> 1377 | AB94: =IFERROR(__xludf.DUMMYFUNCTION("""COMPUTED_VALUE"""),1437.0) -> 1437 | AC94: =IFERROR(__xludf.DUMMYFUNCTION("""COMPUTED_VALUE"""),31.0) -> 31 | AD94: =IFERROR(__xludf.DUMMYFUNCTION("""COMPUTED_VALUE"""),31.0) -> 31 | AI94: =IFERROR(__xludf.DUMMYFUNCTION("""COMPUTED_VALUE"""),66.0) -> 66
A95: =IFERROR(__xludf.DUMMYFUNCTION("""COMPUTED_VALUE"""),"Y") -> Y | B95: =IFERROR(__xludf.DUMMYFUNCTION("""COMPUTED_VALUE"""),"3") -> 3 | D95: =IFERROR(__xludf.DUMMYFUNCTION("""COMPUTED_VALUE"""),45624.0) -> 45624 | E95: =IFERROR(__xludf.DUMMYFUNCTION("""COMPUTED_VALUE"""),45631.0) -> 45631 | F95: =IFERROR(__xludf.DUMMYFUNCTION("""COMPUTED_VALUE"""),45652.0) -> 45652 | G95: =IFERROR(__xludf.DUMMYFUNCTION("""COMPUTED_VALUE"""),"BRG12") -> BRG12 | H95: =IFERROR(__xludf.DUMMYFUNCTION("""COMPUTED_VALUE"""),1377.0) -> 1377 | I95: =IFERROR(__xludf.DUMMYFUNCTION("""COMPUTED_VALUE"""),1437.0) -> 1437 | J95: =IFERROR(__xludf.DUMMYFUNCTION("""COMPUTED_VALUE"""),31.0) -> 31 | K95: =IFERROR(__xludf.DUMMYFUNCTION("""COMPUTED_VALUE"""),31.0) -> 31 | P95: =IFERROR(__xludf.DUMMYFUNCTION("""COMPUTED_VALUE"""),66.0) -> 66 | T95: =IFERROR(__xludf.DUMMYFUNCTION("""COMPUTED_VALUE"""),"Y") -> Y | U95: =IFERROR(__xludf.DUMMYFUNCTION("""COMPUTED_VALUE"""),"3") -> 3 | W95: =IFERROR(__xludf.DUMMYFUNCTION("""COMPUTED_VALUE"""),45624.0) -> 45624 | X95: =IFERROR(__xludf.DUMMYFUNCTION("""COMPUTED_VALUE"""),45631.0) -> 45631 | Y95: =IFERROR(__xludf.DUMMYFUNCTION("""COMPUTED_VALUE"""),45652.0) -> 45652 | Z95: =IFERROR(__xludf.DUMMYFUNCTION("""COMPUTED_VALUE"""),"DC40") -> DC40 | AA95: =IFERROR(__xludf.DUMMYFUNCTION("""COMPUTED_VALUE"""),215.0) -> 215 | AB95: =IFERROR(__xludf.DUMMYFUNCTION("""COMPUTED_VALUE"""),217.0) -> 217 | AC95: =IFERROR(__xludf.DUMMYFUNCTION("""COMPUTED_VALUE"""),2.0) -> 2 | AD95: =IFERROR(__xludf.DUMMYFUNCTION("""COMPUTED_VALUE"""),2.0) -> 2 | AE95: =IFERROR(__xludf.DUMMYFUNCTION("""COMPUTED_VALUE"""),120.0) -> 120 | AF95: =IFERROR(__xludf.DUMMYFUNCTION("""COMPUTED_VALUE"""),212.0) -> 212 | AG95: =IFERROR(__xludf.DUMMYFUNCTION("""COMPUTED_VALUE"""),47.0) -> 47 | AH95: =IFERROR(__xludf.DUMMYFUNCTION("""COMPUTED_VALUE"""),47.0) -> 47 | AI95: =IFERROR(__xludf.DUMMYFUNCTION("""COMPUTED_VALUE"""),67.0) -> 67
A96: =IFERROR(__xludf.DUMMYFUNCTION("""COMPUTED_VALUE"""),"Y") -> Y | B96: =IFERROR(__xludf.DUMMYFUNCTION("""COMPUTED_VALUE"""),"3") -> 3 | D96: =IFERROR(__xludf.DUMMYFUNCTION("""COMPUTED_VALUE"""),45624.0) -> 45624 | E96: =IFERROR(__xludf.DUMMYFUNCTION("""COMPUTED_VALUE"""),45631.0) -> 45631 | F96: =IFERROR(__xludf.DUMMYFUNCTION("""COMPUTED_VALUE"""),45652.0) -> 45652 | G96: =IFERROR(__xludf.DUMMYFUNCTION("""COMPUTED_VALUE"""),"DC40") -> DC40 | H96: =IFERROR(__xludf.DUMMYFUNCTION("""COMPUTED_VALUE"""),215.0) -> 215 | I96: =IFERROR(__xludf.DUMMYFUNCTION("""COMPUTED_VALUE"""),217.0) -> 217 | J96: =IFERROR(__xludf.DUMMYFUNCTION("""COMPUTED_VALUE"""),2.0) -> 2 | K96: =IFERROR(__xludf.DUMMYFUNCTION("""COMPUTED_VALUE"""),2.0) -> 2 | L96: =IFERROR(__xludf.DUMMYFUNCTION("""COMPUTED_VALUE"""),120.0) -> 120 | M96: =IFERROR(__xludf.DUMMYFUNCTION("""COMPUTED_VALUE"""),212.0) -> 212 | N96: =IFERROR(__xludf.DUMMYFUNCTION("""COMPUTED_VALUE"""),47.0) -> 47 | O96: =IFERROR(__xludf.DUMMYFUNCTION("""COMPUTED_VALUE"""),47.0) -> 47 | P96: =IFERROR(__xludf.DUMMYFUNCTION("""COMPUTED_VALUE"""),67.0) -> 67 | T96: =IFERROR(__xludf.DUMMYFUNCTION("""COMPUTED_VALUE"""),"Y") -> Y | U96: =IFERROR(__xludf.DUMMYFUNCTION("""COMPUTED_VALUE"""),"3") -> 3 | W96: =IFERROR(__xludf.DUMMYFUNCTION("""COMPUTED_VALUE"""),45626.0) -> 45626 | X96: =IFERROR(__xludf.DUMMYFUNCTION("""COMPUTED_VALUE"""),45633.0) -> 45633 | Y96: =IFERROR(__xludf.DUMMYFUNCTION("""COMPUTED_VALUE"""),45654.0) -> 45654 | Z96: =IFERROR(__xludf.DUMMYFUNCTION("""COMPUTED_VALUE"""),"BRG12") -> BRG12 | AE96: =IFERROR(__xludf.DUMMYFUNCTION("""COMPUTED_VALUE"""),1308.0) -> 1308 | AF96: =IFERROR(__xludf.DUMMYFUNCTION("""COMPUTED_VALUE"""),1376.0) -> 1376 | AG96: =IFERROR(__xludf.DUMMYFUNCTION("""COMPUTED_VALUE"""),35.0) -> 35 | AH96: =IFERROR(__xludf.DUMMYFUNCTION("""COMPUTED_VALUE"""),35.0) -> 35 | AI96: =IFERROR(__xludf.DUMMYFUNCTION("""COMPUTED_VALUE"""),68.0) -> 68
A97: =IFERROR(__xludf.DUMMYFUNCTION("""COMPUTED_VALUE"""),"Y") -> Y | B97: =IFERROR(__xludf.DUMMYFUNCTION("""COMPUTED_VALUE"""),"3") -> 3 | D97: =IFERROR(__xludf.DUMMYFUNCTION("""COMPUTED_VALUE"""),45626.0) -> 45626 | E97: =IFERROR(__xludf.DUMMYFUNCTION("""COMPUTED_VALUE"""),45633.0) -> 45633 | F97: =IFERROR(__xludf.DUMMYFUNCTION("""COMPUTED_VALUE"""),45654.0) -> 45654 | G97: =IFERROR(__xludf.DUMMYFUNCTION("""COMPUTED_VALUE"""),"BRG12") -> BRG12 | L97: =IFERROR(__xludf.DUMMYFUNCTION("""COMPUTED_VALUE"""),1308.0) -> 1308 | M97: =IFERROR(__xludf.DUMMYFUNCTION("""COMPUTED_VALUE"""),1376.0) -> 1376 | N97: =IFERROR(__xludf.DUMMYFUNCTION("""COMPUTED_VALUE"""),35.0) -> 35 | O97: =IFERROR(__xludf.DUMMYFUNCTION("""COMPUTED_VALUE"""),35.0) -> 35 | P97: =IFERROR(__xludf.DUMMYFUNCTION("""COMPUTED_VALUE"""),68.0) -> 68 | T97: =IFERROR(__xludf.DUMMYFUNCTION("""COMPUTED_VALUE"""),"Y") -> Y | U97: =IFERROR(__xludf.DUMMYFUNCTION("""COMPUTED_VALUE"""),"3") -> 3 | W97: =IFERROR(__xludf.DUMMYFUNCTION("""COMPUTED_VALUE"""),45626.0) -> 45626 | X97: =IFERROR(__xludf.DUMMYFUNCTION("""COMPUTED_VALUE"""),45633.0) -> 45633 | Y97: =IFERROR(__xludf.DUMMYFUNCTION("""COMPUTED_VALUE"""),45654.0) -> 45654 | Z97: =IFERROR(__xludf.DUMMYFUNCTION("""COMPUTED_VALUE"""),"DC40") -> DC40 | AA97: =IFERROR(__xludf.DUMMYFUNCTION("""COMPUTED_VALUE"""),89.0) -> 89 | AB97: =IFERROR(__xludf.DUMMYFUNCTION("""COMPUTED_VALUE"""),89.0) -> 89 | AC97: =IFERROR(__xludf.DUMMYFUNCTION("""COMPUTED_VALUE"""),1.0) -> 1 | AD97: =IFERROR(__xludf.DUMMYFUNCTION("""COMPUTED_VALUE"""),1.0) -> 1 | AI97: =IFERROR(__xludf.DUMMYFUNCTION("""COMPUTED_VALUE"""),69.0) -> 69
A98: =IFERROR(__xludf.DUMMYFUNCTION("""COMPUTED_VALUE"""),"Y") -> Y | B98: =IFERROR(__xludf.DUMMYFUNCTION("""COMPUTED_VALUE"""),"3") -> 3 | D98: =IFERROR(__xludf.DUMMYFUNCTION("""COMPUTED_VALUE"""),45626.0) -> 45626 | E98: =IFERROR(__xludf.DUMMYFUNCTION("""COMPUTED_VALUE"""),45633.0) -> 45633 | F98: =IFERROR(__xludf.DUMMYFUNCTION("""COMPUTED_VALUE"""),45654.0) -> 45654 | G98: =IFERROR(__xludf.DUMMYFUNCTION("""COMPUTED_VALUE"""),"DC40") -> DC40 | H98: =IFERROR(__xludf.DUMMYFUNCTION("""COMPUTED_VALUE"""),89.0) -> 89 | I98: =IFERROR(__xludf.DUMMYFUNCTION("""COMPUTED_VALUE"""),89.0) -> 89 | J98: =IFERROR(__xludf.DUMMYFUNCTION("""COMPUTED_VALUE"""),1.0) -> 1 | K98: =IFERROR(__xludf.DUMMYFUNCTION("""COMPUTED_VALUE"""),1.0) -> 1 | P98: =IFERROR(__xludf.DUMMYFUNCTION("""COMPUTED_VALUE"""),69.0) -> 69 | T98: =IFERROR(__xludf.DUMMYFUNCTION("""COMPUTED_VALUE"""),"Y") -> Y | U98: =IFERROR(__xludf.DUMMYFUNCTION("""COMPUTED_VALUE"""),"3") -> 3 | W98: =IFERROR(__xludf.DUMMYFUNCTION("""COMPUTED_VALUE"""),45626.0) -> 45626 | X98: =IFERROR(__xludf.DUMMYFUNCTION("""COMPUTED_VALUE"""),45633.0) -> 45633 | Y98: =IFERROR(__xludf.DUMMYFUNCTION("""COMPUTED_VALUE"""),45654.0) -> 45654 | Z98: =IFERROR(__xludf.DUMMYFUNCTION("""COMPUTED_VALUE"""),"DC40") -> DC40 | AA98: =IFERROR(__xludf.DUMMYFUNCTION("""COMPUTED_VALUE"""),97.0) -> 97 | AB98: =IFERROR(__xludf.DUMMYFUNCTION("""COMPUTED_VALUE"""),97.0) -> 97 | AC98: =IFERROR(__xludf.DUMMYFUNCTION("""COMPUTED_VALUE"""),1.0) -> 1 | AD98: =IFERROR(__xludf.DUMMYFUNCTION("""COMPUTED_VALUE"""),1.0) -> 1
A99: =IFERROR(__xludf.DUMMYFUNCTION("""COMPUTED_VALUE"""),"Y") -> Y | B99: =IFERROR(__xludf.DUMMYFUNCTION("""COMPUTED_VALUE"""),"3") -> 3 | D99: =IFERROR(__xludf.DUMMYFUNCTION("""COMPUTED_VALUE"""),45626.0) -> 45626 | E99: =IFERROR(__xludf.DUMMYFUNCTION("""COMPUTED_VALUE"""),45633.0) -> 45633 | F99: =IFERROR(__xludf.DUMMYFUNCTION("""COMPUTED_VALUE"""),45654.0) -> 45654 | G99: =IFERROR(__xludf.DUMMYFUNCTION("""COMPUTED_VALUE"""),"DC40") -> DC40 | H99: =IFERROR(__xludf.DUMMYFUNCTION("""COMPUTED_VALUE"""),97.0) -> 97 | I99: =IFERROR(__xludf.DUMMYFUNCTION("""COMPUTED_VALUE"""),97.0) -> 97 | J99: =IFERROR(__xludf.DUMMYFUNCTION("""COMPUTED_VALUE"""),1.0) -> 1 | K99: =IFERROR(__xludf.DUMMYFUNCTION("""COMPUTED_VALUE"""),1.0) -> 1 | T99: =IFERROR(__xludf.DUMMYFUNCTION("""COMPUTED_VALUE"""),"Y") -> Y | U99: =IFERROR(__xludf.DUMMYFUNCTION("""COMPUTED_VALUE"""),"3") -> 3 | W99: =IFERROR(__xludf.DUMMYFUNCTION("""COMPUTED_VALUE"""),45626.0) -> 45626 | X99: =IFERROR(__xludf.DUMMYFUNCTION("""COMPUTED_VALUE"""),45633.0) -> 45633 | Y99: =IFERROR(__xludf.DUMMYFUNCTION("""COMPUTED_VALUE"""),45654.0) -> 45654 | Z99: =IFERROR(__xludf.DUMMYFUNCTION("""COMPUTED_VALUE"""),"DC40") -> DC40 | AA99: =IFERROR(__xludf.DUMMYFUNCTION("""COMPUTED_VALUE"""),101.0) -> 101 | AB99: =IFERROR(__xludf.DUMMYFUNCTION("""COMPUTED_VALUE"""),207.0) -> 207 | AC99: =IFERROR(__xludf.DUMMYFUNCTION("""COMPUTED_VALUE"""),54.0) -> 54 | AD99: =IFERROR(__xludf.DUMMYFUNCTION("""COMPUTED_VALUE"""),54.0) -> 54 | AI99: =IFERROR(__xludf.DUMMYFUNCTION("""COMPUTED_VALUE"""),69.0) -> 69
A100: =IFERROR(__xludf.DUMMYFUNCTION("""COMPUTED_VALUE"""),"Y") -> Y | B100: =IFERROR(__xludf.DUMMYFUNCTION("""COMPUTED_VALUE"""),"3") -> 3 | D100: =IFERROR(__xludf.DUMMYFUNCTION("""COMPUTED_VALUE"""),45626.0) -> 45626 | E100: =IFERROR(__xludf.DUMMYFUNCTION("""COMPUTED_VALUE"""),45633.0) -> 45633 | F100: =IFERROR(__xludf.DUMMYFUNCTION("""COMPUTED_VALUE"""),45654.0) -> 45654 | G100: =IFERROR(__xludf.DUMMYFUNCTION("""COMPUTED_VALUE"""),"DC40") -> DC40 | H100: =IFERROR(__xludf.DUMMYFUNCTION("""COMPUTED_VALUE"""),101.0) -> 101 | I100: =IFERROR(__xludf.DUMMYFUNCTION("""COMPUTED_VALUE"""),207.0) -> 207 | J100: =IFERROR(__xludf.DUMMYFUNCTION("""COMPUTED_VALUE"""),54.0) -> 54 | K100: =IFERROR(__xludf.DUMMYFUNCTION("""COMPUTED_VALUE"""),54.0) -> 54 | P100: =IFERROR(__xludf.DUMMYFUNCTION("""COMPUTED_VALUE"""),69.0) -> 69 | T100: =IFERROR(__xludf.DUMMYFUNCTION("""COMPUTED_VALUE"""),"Y") -> Y | U100: =IFERROR(__xludf.DUMMYFUNCTION("""COMPUTED_VALUE"""),"3") -> 3 | W100: =IFERROR(__xludf.DUMMYFUNCTION("""COMPUTED_VALUE"""),45627.0) -> 45627 | X100: =IFERROR(__xludf.DUMMYFUNCTION("""COMPUTED_VALUE"""),45634.0) -> 45634 | Y100: =IFERROR(__xludf.DUMMYFUNCTION("""COMPUTED_VALUE"""),45655.0) -> 45655 | Z100: =IFERROR(__xludf.DUMMYFUNCTION("""COMPUTED_VALUE"""),"BRG12") -> BRG12 | AA100: =IFERROR(__xludf.DUMMYFUNCTION("""COMPUTED_VALUE"""),1439.0) -> 1439 | AB100: =IFERROR(__xludf.DUMMYFUNCTION("""COMPUTED_VALUE"""),1455.0) -> 1455 | AC100: =IFERROR(__xludf.DUMMYFUNCTION("""COMPUTED_VALUE"""),9.0) -> 9 | AD100: =IFERROR(__xludf.DUMMYFUNCTION("""COMPUTED_VALUE"""),9.0) -> 9 | AE100: =IFERROR(__xludf.DUMMYFUNCTION("""COMPUTED_VALUE"""),1378.0) -> 1378 | AF100: =IFERROR(__xludf.DUMMYFUNCTION("""COMPUTED_VALUE"""),1436.0) -> 1436 | AG100: =IFERROR(__xludf.DUMMYFUNCTION("""COMPUTED_VALUE"""),30.0) -> 30 | AH100: =IFERROR(__xludf.DUMMYFUNCTION("""COMPUTED_VALUE"""),30.0) -> 30 | AI100: =IFERROR(__xludf.DUMMYFUNCTION("""COMPUTED_VALUE"""),70.0) -> 70
A101: =IFERROR(__xludf.DUMMYFUNCTION("""COMPUTED_VALUE"""),"Y") -> Y | B101: =IFERROR(__xludf.DUMMYFUNCTION("""COMPUTED_VALUE"""),"3") -> 3 | D101: =IFERROR(__xludf.DUMMYFUNCTION("""COMPUTED_VALUE"""),45627.0) -> 45627 | E101: =IFERROR(__xludf.DUMMYFUNCTION("""COMPUTED_VALUE"""),45634.0) -> 45634 | F101: =IFERROR(__xludf.DUMMYFUNCTION("""COMPUTED_VALUE"""),45655.0) -> 45655 | G101: =IFERROR(__xludf.DUMMYFUNCTION("""COMPUTED_VALUE"""),"BRG12") -> BRG12 | H101: =IFERROR(__xludf.DUMMYFUNCTION("""COMPUTED_VALUE"""),1439.0) -> 1439 | I101: =IFERROR(__xludf.DUMMYFUNCTION("""COMPUTED_VALUE"""),1455.0) -> 1455 | J101: =IFERROR(__xludf.DUMMYFUNCTION("""COMPUTED_VALUE"""),9.0) -> 9 | K101: =IFERROR(__xludf.DUMMYFUNCTION("""COMPUTED_VALUE"""),9.0) -> 9 | L101: =IFERROR(__xludf.DUMMYFUNCTION("""COMPUTED_VALUE"""),1378.0) -> 1378 | M101: =IFERROR(__xludf.DUMMYFUNCTION("""COMPUTED_VALUE"""),1436.0) -> 1436 | N101: =IFERROR(__xludf.DUMMYFUNCTION("""COMPUTED_VALUE"""),30.0) -> 30 | O101: =IFERROR(__xludf.DUMMYFUNCTION("""COMPUTED_VALUE"""),30.0) -> 30 | P101: =IFERROR(__xludf.DUMMYFUNCTION("""COMPUTED_VALUE"""),70.0) -> 70 | T101: =IFERROR(__xludf.DUMMYFUNCTION("""COMPUTED_VALUE"""),"Y") -> Y | U101: =IFERROR(__xludf.DUMMYFUNCTION("""COMPUTED_VALUE"""),"3") -> 3 | W101: =IFERROR(__xludf.DUMMYFUNCTION("""COMPUTED_VALUE"""),45627.0) -> 45627 | X101: =IFERROR(__xludf.DUMMYFUNCTION("""COMPUTED_VALUE"""),45634.0) -> 45634 | Y101: =IFERROR(__xludf.DUMMYFUNCTION("""COMPUTED_VALUE"""),45655.0) -> 45655 | Z101: =IFERROR(__xludf.DUMMYFUNCTION("""COMPUTED_VALUE"""),"DC40") -> DC40 | AA101: =IFERROR(__xludf.DUMMYFUNCTION("""COMPUTED_VALUE"""),209.0) -> 209 | AB101: =IFERROR(__xludf.DUMMYFUNCTION("""COMPUTED_VALUE"""),213.0) -> 213 | AC101: =IFERROR(__xludf.DUMMYFUNCTION("""COMPUTED_VALUE"""),3.0) -> 3 | AD101: =IFERROR(__xludf.DUMMYFUNCTION("""COMPUTED_VALUE"""),3.0) -> 3 | AE101: =IFERROR(__xludf.DUMMYFUNCTION("""COMPUTED_VALUE"""),216.0) -> 216 | AF101: =IFERROR(__xludf.DUMMYFUNCTION("""COMPUTED_VALUE"""),216.0) -> 216 | AG101: =IFERROR(__xludf.DUMMYFUNCTION("""COMPUTED_VALUE"""),1.0) -> 1 | AH101: =IFERROR(__xludf.DUMMYFUNCTION("""COMPUTED_VALUE"""),1.0) -> 1 | AI101: =IFERROR(__xludf.DUMMYFUNCTION("""COMPUTED_VALUE"""),71.0) -> 71
